date,Battery (Charging) -  GWh,Pumps -  GWh,Exports -  GWh,Imports -  GWh,Coal (Black) -  GWh,Bioenergy (Biogas) -  GWh,Distillate -  GWh,Gas (CCGT) -  GWh,Gas (OCGT) -  GWh,Battery (Discharging) -  GWh,Hydro -  GWh,Wind -  GWh,Solar (Utility) -  GWh,Solar (Rooftop) -  GWh,Temperature Max - C,Temperature Mean - C,Temperature Min - C,Exports Emissions Vol - tCO₂e,Imports Emissions Vol - tCO₂e,Coal (Black) Emissions Vol - tCO₂e,Bioenergy (Biogas) Emissions Vol - tCO₂e,Distillate Emissions Vol - tCO₂e,Gas (CCGT) Emissions Vol - tCO₂e,Gas (OCGT) Emissions Vol - tCO₂e,Emissions Intensity - kgCO₂e/MWh,Volume Weighted Price - AUD/MWh,Battery (Charging) Market Value - AUD,Pumps Market Value - AUD,Exports Market Value - AUD,Imports Market Value - AUD,Coal (Black) Market Value - AUD,Bioenergy (Biogas) Market Value - AUD,Distillate Market Value - AUD,Gas (CCGT) Market Value - AUD,Gas (OCGT) Market Value - AUD,Battery (Discharging) Market Value - AUD,Hydro Market Value - AUD,Wind Market Value - AUD,Solar (Utility) Market Value - AUD,Solar (Rooftop) Market Value - AUD
1998-12-01,0.00,-10.70,0.00,0.00,3893.00,0.00,0.08,62.73,0.00,0.00,22.15,0.00,0.00,0.00,32.60,21.90,13.90,0.00,0.00,3635423.00,0.00,59.72,36870.00,1.45,0.00,20.16,0.00,207117.00,0.00,0.00,55894034.00,0.00,0.00,955080.00,0.00,0.00,251785.00,0.00,0.00,0.00
1999-01-01,0.00,-0.89,0.00,0.00,4872.00,0.00,0.00,83.73,0.00,0.00,19.33,0.00,0.00,0.00,31.10,23.44,18.30,0.00,0.00,4554632.00,0.00,0.00,49209.00,0.00,0.00,23.13,0.00,40824.00,0.00,0.00,107041867.00,0.00,0.00,1817606.00,0.00,0.00,428129.00,0.00,0.00,0.00
1999-02-01,0.00,-1.15,0.00,0.00,4537.00,0.00,0.02,78.63,0.00,0.00,9.64,0.00,0.00,0.00,30.20,22.51,15.50,0.00,0.00,4219415.00,0.00,10.70,46212.00,0.00,0.00,20.90,0.00,17220.00,0.00,0.00,90979009.00,0.00,232.30,1552569.00,0.00,0.00,166701.00,0.00,0.00,0.00
1999-03-01,0.00,-5.57,0.00,0.00,4899.00,0.00,0.01,87.62,0.00,0.00,14.69,0.00,0.00,0.00,30.40,22.21,11.50,0.00,0.00,4561270.00,0.00,6.79,51496.00,0.00,0.00,19.84,0.00,117050.00,0.00,0.00,93449881.00,0.00,147.60,1641229.00,0.00,0.00,281083.00,0.00,0.00,0.00
1999-04-01,0.00,-1.64,0.00,0.00,4628.00,0.00,0.03,81.38,0.00,0.00,14.13,0.00,0.00,0.00,27.10,17.19,10.50,0.00,0.00,4305645.00,0.00,20.27,47829.00,0.00,0.00,28.43,0.00,53900.00,0.00,0.00,125086550.00,0.00,498.40,2267626.00,0.00,0.00,401418.00,0.00,0.00,0.00
1999-05-01,0.00,-20.57,0.00,0.00,5289.00,0.00,0.00,85.72,0.00,0.00,15.91,0.00,0.00,0.00,23.50,16.01,6.80,0.00,0.00,4903280.00,0.00,0.00,50378.00,0.00,0.00,28.45,0.00,540349.00,0.00,0.00,144089585.00,0.00,0.00,2322919.00,0.00,0.00,380089.00,0.00,0.00,0.00
1999-06-01,0.00,-13.26,0.00,0.00,5602.00,0.00,0.00,83.88,0.00,0.00,12.30,0.00,0.00,0.00,21.50,13.36,6.50,0.00,0.00,5202889.00,0.00,0.00,49296.00,0.00,0.00,31.01,0.00,400829.00,0.00,0.00,164239183.00,0.00,0.00,2444208.00,0.00,0.00,361186.00,0.00,0.00,0.00
1999-07-01,0.00,-14.60,0.00,0.00,5483.00,0.00,0.00,87.34,0.00,0.00,7.99,0.00,0.00,0.00,21.20,13.12,7.00,0.00,0.00,5098006.00,0.00,0.00,51332.00,0.00,0.00,24.93,0.00,431426.00,0.00,0.00,132150441.00,0.00,0.00,2100270.00,0.00,0.00,138525.00,0.00,0.00,0.00
1999-08-01,0.00,-0.06,0.00,0.00,5406.00,0.00,0.00,85.43,0.00,0.00,0.00,0.00,0.00,0.00,25.00,13.94,6.30,0.00,0.00,5028821.00,0.00,0.00,50211.00,0.00,0.00,25.34,0.00,1458.00,0.00,0.00,132739079.00,0.00,0.00,2071413.00,0.00,0.00,0.00,0.00,0.00,0.00
1999-09-01,0.00,0.00,0.00,0.00,4917.00,0.00,0.00,85.01,0.00,0.00,3.49,0.00,0.00,0.00,27.30,16.21,7.70,0.00,0.00,4610325.00,0.00,0.00,49963.00,0.00,0.00,19.94,0.00,0.00,0.00,0.00,95417569.00,0.00,0.00,1613875.00,0.00,0.00,54982.00,0.00,0.00,0.00
1999-10-01,0.00,-1.19,0.00,0.00,4809.00,0.00,0.01,85.00,0.00,0.00,19.23,0.00,0.00,0.00,32.10,18.44,10.90,0.00,0.00,4462973.00,0.00,4.00,49955.00,0.00,0.00,21.40,0.00,19332.00,0.00,0.00,99617534.00,0.00,115.70,1745739.00,0.00,0.00,410137.00,0.00,0.00,0.00
1999-11-01,0.00,-1.49,0.00,0.00,4614.00,0.00,0.00,80.19,0.00,0.00,14.74,0.00,0.00,0.00,31.00,18.17,10.80,0.00,0.00,4291241.00,0.00,0.00,47129.00,0.00,0.00,21.97,0.00,28459.00,0.00,0.00,97258443.00,0.00,0.00,1672321.00,0.00,0.00,316128.00,0.00,0.00,0.00
1999-12-01,0.00,-14.50,0.00,0.00,4714.00,0.00,0.00,85.18,0.00,0.00,22.01,0.00,0.00,0.00,26.50,20.39,13.70,0.00,0.00,4386466.00,0.00,0.00,50066.00,0.00,0.00,17.90,0.00,316371.00,0.00,0.00,82471417.00,0.00,0.00,1467423.00,0.00,0.00,401580.00,0.00,0.00,0.00
2000-01-01,0.00,-2.93,0.00,0.00,4926.00,0.00,0.00,83.32,0.00,0.00,13.29,0.00,0.00,0.00,34.70,20.88,14.80,0.00,0.00,4616624.00,0.00,0.00,48973.00,0.00,0.00,32.94,0.00,97636.00,0.00,0.00,150334024.00,0.00,0.00,2504662.00,0.00,0.00,366872.00,0.00,0.00,0.00
2000-02-01,0.00,-21.44,0.00,0.00,4939.00,0.00,0.00,82.20,0.00,0.00,24.34,0.00,0.00,0.00,32.90,23.03,16.40,0.00,0.00,4621788.00,0.00,2.94,48309.00,0.00,0.00,49.23,0.00,1109365.00,0.00,0.00,225962379.00,0.00,74.88,3659087.00,0.00,0.00,1228957.00,0.00,0.00,0.00
2000-03-01,0.00,-5.39,0.00,0.00,5078.00,0.00,0.00,88.30,0.00,0.00,4.96,0.00,0.00,0.00,30.00,21.44,16.10,0.00,0.00,4767160.00,0.00,0.00,51900.00,0.00,0.00,31.61,0.00,348590.00,0.00,0.00,148417464.00,0.00,0.00,2544564.00,0.00,0.00,108822.00,0.00,0.00,0.00
2000-04-01,0.00,-4.92,0.00,0.00,4669.00,0.00,0.00,77.39,0.00,0.00,3.52,0.00,0.00,0.00,28.80,18.89,9.20,0.00,0.00,4328502.00,0.00,0.00,45486.00,0.00,0.00,27.02,0.00,124068.00,0.00,0.00,118461106.00,0.00,0.00,1918859.00,0.00,0.00,83131.00,0.00,0.00,0.00
2000-05-01,0.00,-17.37,0.00,0.00,5524.00,0.00,0.00,87.80,0.00,0.00,10.75,0.00,0.00,0.00,25.40,15.62,7.50,0.00,0.00,5146343.00,0.00,0.00,51604.00,0.00,0.00,58.05,0.00,1130467.00,0.00,0.00,289112505.00,0.00,0.00,4447416.00,0.00,0.00,421828.00,0.00,0.00,0.00
2000-06-01,0.00,-35.33,0.00,0.00,5881.00,0.00,0.16,84.14,0.00,0.00,19.30,0.00,0.00,0.00,22.10,12.33,5.70,0.00,0.00,5459441.00,0.00,114.70,49451.00,0.00,0.00,43.70,0.00,1595002.00,0.00,0.00,244815370.00,0.00,11176.00,3584857.00,0.00,0.00,758982.00,0.00,0.00,0.00
2000-07-01,0.00,-74.45,0.00,0.00,6063.00,0.00,0.00,88.73,0.00,0.00,15.24,0.00,0.00,0.00,23.50,12.68,5.80,0.00,0.00,5656462.00,0.00,0.00,52151.00,0.00,0.00,46.84,0.00,3387206.00,0.00,0.00,271151871.00,0.00,0.00,3961570.00,0.00,0.00,608900.00,0.00,0.00,0.00
2000-08-01,0.00,-103.20,0.00,0.00,6141.00,0.00,0.00,92.03,0.00,0.00,19.46,0.00,0.00,0.00,21.30,13.35,6.10,0.00,0.00,5727083.00,0.00,0.00,54091.00,0.00,0.00,54.88,0.00,4116997.00,0.00,0.00,315810876.00,0.00,0.00,4915014.00,0.00,0.00,1006096.00,0.00,0.00,0.00
2000-09-01,0.00,-16.43,0.00,0.00,5107.00,0.00,0.00,90.41,0.00,0.00,11.66,0.00,0.00,0.00,34.40,17.14,8.90,0.00,0.00,4789109.00,0.00,0.00,53135.00,0.00,0.00,25.16,0.00,519033.00,0.00,0.00,123415921.00,0.00,0.00,2122526.00,0.00,0.00,292296.00,0.00,0.00,0.00
2000-10-01,0.00,-3.37,0.00,0.00,5026.00,0.00,0.00,84.57,0.00,0.00,0.13,0.00,0.00,0.00,35.00,18.31,11.00,0.00,0.00,4750835.00,0.00,0.00,49707.00,0.00,0.00,30.45,0.00,86900.00,0.00,0.00,142773899.00,0.00,0.00,2341276.00,0.00,0.00,5704.00,0.00,0.00,0.00
2000-11-01,0.00,-64.77,0.00,0.00,5156.00,0.00,0.00,81.64,0.00,0.00,1.48,0.00,0.00,0.00,32.80,19.80,14.30,0.00,0.00,4829682.00,0.00,0.00,47982.00,0.00,0.00,32.01,0.00,2587089.00,0.00,0.00,151767208.00,0.00,0.00,2305577.00,0.00,0.00,39398.00,0.00,0.00,0.00
2000-12-01,0.00,-97.40,0.00,0.00,5181.00,0.00,0.05,83.95,0.00,0.00,21.21,0.00,0.00,0.00,38.10,22.98,12.50,0.00,0.00,4850233.00,0.00,33.95,49341.00,0.00,0.00,26.64,0.00,3063239.00,0.00,0.00,130484750.00,0.00,862.20,2087714.00,0.00,0.00,435271.00,0.00,0.00,0.00
2001-01-01,0.00,-126.50,0.00,0.00,5288.00,0.00,0.00,84.58,0.00,0.00,26.94,0.00,0.00,0.00,31.60,23.43,16.50,0.00,0.00,4919284.00,0.00,0.00,49709.00,0.00,0.00,77.99,0.00,16142910.00,0.00,0.00,334459590.00,0.00,0.00,4739669.00,0.00,0.00,909680.00,0.00,0.00,0.00
2001-02-01,0.00,-99.77,0.00,0.00,5001.00,0.00,0.01,76.90,0.00,0.00,15.48,0.00,0.00,0.00,31.80,23.28,16.70,0.00,0.00,4664165.00,0.00,5.29,45196.00,0.00,0.00,33.91,0.00,4187007.00,0.00,0.00,156782623.00,0.00,269.80,2382466.00,0.00,0.00,412872.00,0.00,0.00,0.00
2001-03-01,0.00,-64.33,0.00,0.00,5259.00,0.00,0.00,86.91,0.00,0.00,5.18,0.00,0.00,0.00,32.00,21.69,14.60,0.00,0.00,4947562.00,0.00,0.00,51081.00,0.00,0.00,32.25,0.00,2291306.00,0.00,0.00,162954265.00,0.00,0.00,2672992.00,0.00,0.00,148132.00,0.00,0.00,0.00
2001-04-01,0.00,-49.12,0.00,0.00,4673.00,0.00,0.00,78.69,0.00,0.00,2.59,0.00,0.00,0.00,29.50,19.20,10.60,0.00,0.00,4402986.00,0.00,0.00,46247.00,0.00,0.00,31.03,0.00,1638177.00,0.00,0.00,139197975.00,0.00,0.00,2328610.00,0.00,0.00,67505.00,0.00,0.00,0.00
2001-05-01,0.00,-4.54,0.00,0.00,5288.00,0.00,0.03,88.25,0.00,0.00,4.32,0.00,0.00,0.00,24.80,14.79,7.90,0.00,0.00,4943820.00,0.00,19.12,51865.00,0.00,0.00,36.77,0.00,168778.00,0.00,0.00,188034262.00,0.00,705.70,3096578.00,0.00,0.00,118968.00,0.00,0.00,0.00
2001-06-01,0.00,-7.25,0.00,0.00,5525.00,0.00,0.00,83.12,0.00,0.00,2.89,0.00,0.00,0.00,21.60,14.00,7.30,0.00,0.00,5182738.00,0.00,0.00,48852.00,0.00,0.00,31.23,0.00,249052.00,0.00,0.00,167872400.00,0.00,0.00,2526185.00,0.00,0.00,91133.00,0.00,0.00,0.00
2001-07-01,0.00,-0.57,0.00,0.00,5752.00,0.00,0.00,86.15,0.00,0.00,103.60,0.00,0.00,0.00,19.90,12.99,5.90,0.00,0.00,5401120.00,0.00,0.00,50632.00,0.00,0.00,29.38,0.00,11531.00,0.00,0.00,162242367.00,0.00,0.00,2422516.00,0.00,0.00,2729128.00,0.00,0.00,0.00
2001-08-01,0.00,0.00,0.00,0.00,5384.00,0.00,0.00,88.20,0.00,0.00,192.40,0.00,0.00,0.00,24.70,13.62,6.50,0.00,0.00,5031160.00,0.00,0.00,51839.00,0.00,0.00,36.93,0.00,0.00,0.00,0.00,188468778.00,0.00,0.00,3133561.00,0.00,0.00,7670062.00,0.00,0.00,0.00
2001-09-01,0.00,-1.09,0.00,0.00,4787.00,0.00,0.00,83.17,0.00,0.00,219.00,0.00,0.00,0.00,30.00,17.03,9.30,0.00,0.00,4519251.00,0.00,0.00,48882.00,0.00,0.00,26.53,0.00,19388.00,0.00,0.00,123137704.00,0.00,0.00,2119840.00,0.00,0.00,5426099.00,0.00,0.00,0.00
2001-10-01,0.00,-27.49,0.00,0.00,5012.00,0.00,0.00,86.12,0.00,0.00,226.80,0.00,0.00,0.00,30.90,18.39,10.00,0.00,0.00,4741161.00,0.00,0.00,50618.00,0.00,0.00,29.60,0.00,868042.00,0.00,0.00,141878765.00,0.00,0.00,2391393.00,0.00,0.00,6016436.00,0.00,0.00,0.00
2001-11-01,0.00,-8.74,0.00,0.00,5116.00,0.00,0.00,90.86,0.00,0.00,168.50,0.00,0.00,0.00,33.10,19.00,10.80,0.00,0.00,4827638.00,0.00,0.00,53402.00,0.00,0.00,25.66,0.00,231363.00,0.00,0.00,125659849.00,0.00,0.00,2176394.00,0.00,0.00,4015747.00,0.00,0.00,0.00
2001-12-01,0.00,-6.46,0.00,0.00,5185.00,0.00,0.00,83.57,0.00,0.00,171.30,0.00,0.00,0.00,35.80,21.73,14.80,0.00,0.00,4830269.00,0.00,0.00,49116.00,0.00,0.00,35.65,0.00,715624.00,0.00,0.00,168204500.00,0.00,0.00,2594310.00,0.00,0.00,5627984.00,0.00,0.00,0.00
2002-01-01,0.00,-7.47,0.00,0.00,5331.00,0.00,0.00,86.26,0.00,0.00,143.30,0.00,0.00,0.00,36.80,22.85,16.00,0.00,0.00,4969931.00,0.00,0.00,50699.00,0.00,0.00,41.93,0.00,678888.00,0.00,0.00,192483144.00,0.00,0.00,3216351.00,0.00,0.00,6202076.00,0.00,0.00,0.00
2002-02-01,0.00,-11.38,0.00,0.00,4833.00,0.00,0.00,80.42,0.00,0.00,170.40,0.00,0.00,0.00,30.30,21.78,16.20,0.00,0.00,4500197.00,0.00,0.00,47263.00,0.00,0.00,41.16,0.00,322130.00,0.00,0.00,181475639.00,0.00,0.00,3129534.00,0.00,0.00,6220943.00,0.00,0.00,0.00
2002-03-01,0.00,-4.79,0.00,0.00,5267.00,0.00,0.00,85.38,0.00,0.00,167.10,0.00,0.00,0.00,35.60,21.43,15.80,0.00,0.00,4926419.00,0.00,0.00,50181.00,0.00,0.00,36.55,0.00,199769.00,0.00,0.00,175766585.00,0.00,0.00,2912954.00,0.00,0.00,5893162.00,0.00,0.00,0.00
2002-04-01,0.00,0.00,0.00,0.00,5034.00,0.00,0.01,82.04,0.00,0.00,158.60,0.00,0.00,0.00,27.50,19.61,13.50,0.00,0.00,4708561.00,0.00,10.06,48220.00,0.00,0.00,40.02,0.00,0.00,0.00,0.00,173610645.00,0.00,323.40,2785393.00,0.00,0.00,4233730.00,0.00,0.00,0.00
2002-05-01,0.00,-0.61,0.00,0.00,5530.00,0.00,0.00,88.83,0.00,0.00,243.70,0.00,0.00,0.00,25.50,15.39,9.40,0.00,0.00,5144032.00,0.00,0.00,52207.00,0.00,0.00,87.19,0.00,13944.00,0.00,0.00,428791425.00,0.00,0.00,6699828.00,0.00,0.00,21189167.00,0.00,0.00,0.00
2002-06-01,0.00,-4.22,0.00,0.00,5495.00,0.00,0.00,82.65,0.00,0.00,229.30,0.00,0.00,0.00,23.40,13.31,6.00,0.00,0.00,5135338.00,0.00,0.00,48576.00,0.00,0.00,63.45,0.00,115784.00,0.00,0.00,306660682.00,0.00,0.00,4472134.00,0.00,0.00,10292178.00,0.00,0.00,0.00
2002-07-01,0.00,-13.84,0.00,0.00,5891.00,0.00,0.01,88.33,0.00,0.00,276.10,0.00,0.00,0.00,21.20,12.34,4.30,0.00,0.00,5506938.00,0.00,5.24,51912.00,0.00,0.00,48.46,0.00,499338.00,0.00,0.00,265482699.00,0.00,300.80,4099795.00,0.00,0.00,13415866.00,0.00,0.00,0.00
2002-08-01,0.00,-0.91,0.00,0.00,5648.00,0.00,0.00,88.36,0.00,0.00,192.40,0.00,0.00,0.00,26.70,14.01,6.80,0.00,0.00,5280470.00,0.00,0.00,51934.00,0.00,0.00,31.20,0.00,22834.00,0.00,0.00,168867867.00,0.00,0.00,2637008.00,0.00,0.00,5767760.00,0.00,0.00,0.00
2002-09-01,0.00,-9.65,0.00,0.00,4814.00,0.00,0.00,69.51,0.00,0.00,163.70,0.00,0.00,0.00,30.30,17.04,7.20,0.00,0.00,4554045.00,0.00,0.00,40855.00,0.00,0.00,33.08,0.00,291654.00,0.00,0.00,152772324.00,0.00,0.00,2201174.00,0.00,0.00,5042114.00,0.00,0.00,0.00
2002-10-01,0.00,-10.09,0.00,0.00,4984.00,0.00,0.09,73.49,0.00,0.00,252.90,0.00,0.00,0.00,33.60,18.83,9.90,0.00,0.00,4686764.00,0.00,61.13,43190.00,0.00,0.00,30.38,0.00,341732.00,0.00,0.00,143830812.00,0.00,2628.00,2112528.00,0.00,0.00,7250219.00,0.00,0.00,0.00
2002-11-01,0.00,-9.53,0.00,0.00,4887.00,0.00,0.14,80.54,0.00,0.00,129.40,0.00,0.00,0.00,37.50,20.64,12.60,0.00,0.00,4576925.00,0.00,97.61,47338.00,0.00,0.00,42.48,0.00,358253.00,0.00,0.00,186458949.00,0.00,5290.00,3095512.00,0.00,0.00,8398845.00,0.00,0.00,0.00
2002-12-01,0.00,-17.71,0.00,0.00,5011.00,0.00,0.21,79.71,0.00,0.00,186.80,0.00,0.00,0.00,35.60,21.34,13.90,0.00,0.00,4695792.00,0.00,147.30,46849.00,0.00,0.00,34.17,0.00,640289.00,0.00,0.00,157469926.00,0.00,5682.00,2439647.00,0.00,0.00,5329023.00,0.00,0.00,0.00
2003-01-01,0.00,-20.39,0.00,0.00,5006.00,0.00,0.20,81.97,0.00,0.00,320.20,0.00,0.00,0.00,38.60,22.89,16.20,0.00,0.00,4677000.00,0.00,141.10,48175.00,0.00,0.00,59.13,0.00,3842346.00,0.00,0.00,228071933.00,0.00,8565.00,3649267.00,0.00,0.00,14028042.00,0.00,0.00,0.00
2003-02-01,0.00,-3.67,0.00,0.00,4752.00,0.00,0.12,77.21,0.00,0.00,226.80,0.00,0.00,0.00,31.20,23.23,18.70,0.00,0.00,4445219.00,0.00,87.57,45381.00,0.00,0.00,28.16,0.00,65816.00,0.00,0.00,120159443.00,0.00,3079.00,2031135.00,0.00,0.00,5181455.00,0.00,0.00,0.00
2003-03-01,0.00,-0.01,0.00,0.00,5046.00,0.00,0.12,78.71,0.00,0.00,139.60,0.00,0.00,0.00,30.00,20.94,13.90,0.00,0.00,4694293.00,0.00,85.37,46262.00,0.00,0.00,19.23,0.00,114.80,0.00,0.00,93075273.00,0.00,2244.00,1446250.00,0.00,0.00,2643505.00,0.00,0.00,0.00
2003-04-01,0.00,-10.42,0.00,0.00,4775.00,0.00,0.10,81.91,0.00,0.00,64.31,0.00,0.00,0.00,26.60,18.19,11.90,0.00,0.00,4495583.00,0.00,73.31,48139.00,0.00,0.00,17.23,0.00,169110.00,0.00,0.00,79724901.00,0.00,1737.00,1375393.00,0.00,0.00,1059186.00,0.00,0.00,0.00
2003-05-01,0.00,-16.25,0.00,0.00,5334.00,0.00,0.09,88.45,0.00,0.00,228.80,0.00,0.00,0.00,26.40,16.19,9.60,0.00,0.00,4999399.00,0.00,64.32,51982.00,0.00,0.00,20.89,0.00,308178.00,0.00,0.00,108295006.00,0.00,1808.00,1805028.00,0.00,0.00,4591719.00,0.00,0.00,0.00
2003-06-01,0.00,-20.97,0.00,0.00,5507.00,0.00,0.07,87.24,0.00,0.00,256.00,0.00,0.00,0.00,24.70,14.50,7.40,0.00,0.00,5146450.00,0.00,51.39,51276.00,0.00,0.00,59.97,0.00,476826.00,0.00,0.00,287281193.00,0.00,3511.00,5003562.00,0.00,0.00,20585466.00,0.00,0.00,0.00
2003-07-01,0.00,-27.86,0.00,0.00,5856.00,0.00,0.08,88.45,0.00,0.00,362.20,0.00,0.00,0.00,23.60,12.69,4.90,0.00,0.00,5474329.00,0.00,55.03,51984.00,0.00,0.00,49.36,0.00,643196.00,0.00,0.00,263453185.00,0.00,2389.00,4134021.00,0.00,0.00,19376720.00,0.00,0.00,0.00
2003-08-01,0.00,-45.67,0.00,0.00,5644.00,0.00,0.07,85.70,0.00,0.00,381.70,0.00,0.00,0.00,24.80,13.66,5.30,0.00,0.00,5272486.00,0.00,46.64,50368.00,0.00,0.00,19.62,0.00,890949.00,0.00,0.00,108085812.00,0.00,1244.00,1636800.00,0.00,0.00,7046757.00,0.00,0.00,0.00
2003-09-01,0.00,-24.95,0.00,0.00,5114.00,0.00,0.11,82.58,0.00,0.00,321.60,0.00,0.00,0.00,32.20,16.89,7.70,0.00,0.00,4797372.00,0.00,76.64,48535.00,0.00,0.00,19.48,0.00,565952.00,0.00,0.00,95998586.00,0.00,2024.00,1536929.00,0.00,0.00,5835460.00,0.00,0.00,0.00
2003-10-01,0.00,-0.49,0.00,0.00,5163.00,0.00,0.10,77.62,0.00,0.00,404.40,0.00,0.00,0.00,29.00,16.43,8.00,0.00,0.00,4848960.00,0.00,70.69,45621.00,0.00,0.00,18.31,0.00,8368.00,0.00,0.00,91614498.00,0.00,1766.00,1362881.00,0.00,0.00,6996708.00,0.00,0.00,0.00
2003-11-01,0.00,-8.63,0.00,0.00,5124.00,0.00,0.11,82.62,0.00,0.00,373.50,0.00,0.00,0.00,28.50,18.54,10.90,0.00,0.00,4816429.00,0.00,76.14,48560.00,0.00,0.00,20.72,0.00,149745.00,0.00,0.00,99876027.00,0.00,2147.00,1587556.00,0.00,0.00,7024721.00,0.00,0.00,0.00
2003-12-01,0.00,-36.58,0.00,0.00,5386.00,0.00,0.15,83.37,0.00,0.00,271.80,0.00,0.00,0.00,36.80,21.76,15.70,0.00,0.00,5052772.00,0.00,108.00,49002.00,0.00,0.00,23.09,0.00,918978.00,0.00,0.00,115612550.00,0.00,3195.00,1751649.00,0.00,0.00,5268033.00,0.00,0.00,0.00
2004-01-01,0.00,-84.39,0.00,0.00,5477.00,0.00,0.13,84.13,0.00,0.00,85.83,0.00,0.00,0.00,32.80,23.14,16.50,0.00,0.00,5133765.00,0.00,88.99,49448.00,0.00,0.00,76.96,0.00,6839457.00,0.00,0.00,290819499.00,0.00,8149.00,4264572.00,0.00,0.00,3326723.00,0.00,0.00,0.00
2004-02-01,0.00,-87.83,0.00,0.00,5356.00,0.00,0.00,79.12,0.00,0.00,152.20,0.00,0.00,0.00,36.30,23.24,15.90,0.00,0.00,5010879.00,0.00,0.00,46499.00,0.00,0.00,56.06,0.00,11196899.00,0.00,0.00,246476951.00,0.00,0.00,3357137.00,0.00,0.00,4326264.00,0.00,0.00,0.00
2004-03-01,0.00,-64.72,0.00,0.00,5326.00,0.00,0.05,87.33,0.00,0.00,91.41,0.00,0.00,0.00,39.10,21.84,14.70,0.00,0.00,4973161.00,0.00,34.84,51328.00,0.00,0.00,25.24,0.00,1796341.00,0.00,0.00,128605149.00,0.00,1190.00,2095207.00,0.00,0.00,2173909.00,0.00,0.00,0.00
2004-04-01,0.00,-84.75,0.00,0.00,5098.00,0.00,0.04,79.28,0.00,0.00,94.19,0.00,0.00,0.00,30.40,19.68,12.60,0.00,0.00,4763653.00,0.00,27.59,46593.00,0.00,0.00,31.52,0.00,3080844.00,0.00,0.00,151446761.00,0.00,1181.00,2330291.00,0.00,0.00,2487927.00,0.00,0.00,0.00
2004-05-01,0.00,-71.66,0.00,0.00,5618.00,0.00,0.04,75.58,0.00,0.00,74.89,0.00,0.00,0.00,25.90,15.61,7.60,0.00,0.00,5272379.00,0.00,25.62,44418.00,0.00,0.00,34.32,0.00,2480683.00,0.00,0.00,184733098.00,0.00,1183.00,2497374.00,0.00,0.00,2254124.00,0.00,0.00,0.00
2004-06-01,0.00,-30.62,0.00,0.00,5921.00,0.00,0.04,83.23,0.00,0.00,39.63,0.00,0.00,0.00,24.70,13.98,7.50,0.00,0.00,5566813.00,0.00,27.03,48917.00,0.00,0.00,32.45,0.00,958003.00,0.00,0.00,183140049.00,0.00,1180.00,2524118.00,0.00,0.00,792726.00,0.00,0.00,0.00
2004-07-01,0.00,-24.79,0.00,0.00,6338.00,0.00,0.06,86.33,0.00,0.00,95.06,0.00,0.00,0.00,24.00,12.72,6.00,0.00,0.00,5930778.00,0.00,41.82,50737.00,0.00,0.00,47.34,0.00,1135649.00,0.00,0.00,269869260.00,0.00,2435.00,3615862.00,0.00,0.00,7204688.00,0.00,0.00,0.00
2004-08-01,0.00,-18.32,0.00,0.00,6046.00,0.00,0.07,84.93,0.00,0.00,142.10,0.00,0.00,0.00,24.80,14.14,7.10,0.00,0.00,5669082.00,0.00,48.81,49919.00,0.00,0.00,31.28,0.00,1011926.00,0.00,0.00,176372758.00,0.00,2047.00,2429928.00,0.00,0.00,3682257.00,0.00,0.00,0.00
2004-09-01,0.00,-26.49,0.00,0.00,5188.00,0.00,0.08,84.96,0.00,0.00,248.20,0.00,0.00,0.00,28.20,15.97,7.70,0.00,0.00,4887701.00,0.00,55.15,49934.00,0.00,0.00,87.74,0.00,895380.00,0.00,0.00,352147456.00,0.00,4924.00,5168974.00,0.00,0.00,16500701.00,0.00,0.00,0.00
2004-10-01,0.00,-43.48,0.00,0.00,5268.00,0.00,0.06,83.40,0.00,0.00,222.60,0.00,0.00,0.00,38.10,18.23,11.30,0.00,0.00,4914967.00,0.00,45.77,49018.00,0.00,0.00,79.01,0.00,4052022.00,0.00,0.00,340508009.00,0.00,4355.00,5401532.00,0.00,0.00,11085851.00,0.00,0.00,0.00
2004-11-01,0.00,-63.94,0.00,0.00,5239.00,0.00,0.06,83.13,0.00,0.00,128.80,0.00,0.00,0.00,38.60,20.09,13.50,0.00,0.00,4896265.00,0.00,44.63,48859.00,0.00,0.00,98.82,0.00,10558507.00,0.00,0.00,383798920.00,0.00,4449.00,5524911.00,0.00,0.00,6786978.00,0.00,0.00,0.00
2004-12-01,0.00,-113.30,0.00,0.00,5313.00,0.00,0.12,84.88,0.00,0.00,130.20,0.00,0.00,0.00,39.00,21.09,13.00,0.00,0.00,5002579.00,0.00,81.51,49887.00,0.00,0.00,32.27,0.00,4234141.00,0.00,0.00,160279314.00,0.00,2641.00,2477362.00,0.00,0.00,3866638.00,0.00,0.00,0.00
2005-01-01,0.00,-42.49,0.00,0.00,5245.00,0.00,0.14,84.62,0.00,0.00,256.70,0.00,0.00,0.00,32.70,22.53,15.90,0.00,0.00,4942877.00,0.00,97.24,49735.00,0.00,0.00,47.63,0.00,1918900.00,0.00,0.00,200662684.00,0.00,4169.00,3036045.00,0.00,0.00,7018269.00,0.00,0.00,0.00
2005-02-01,0.00,-21.97,0.00,0.00,5026.00,0.00,0.05,78.87,0.00,0.00,301.60,0.00,0.00,0.00,38.00,22.65,13.70,0.00,0.00,4712560.00,0.00,38.28,46357.00,0.00,0.00,23.27,0.00,466081.00,0.00,0.00,110443661.00,0.00,1202.00,1711693.00,0.00,0.00,6201640.00,0.00,0.00,0.00
2005-03-01,0.00,-24.07,0.00,0.00,5292.00,0.00,0.05,87.62,0.00,0.00,76.35,0.00,0.00,0.00,28.90,20.24,12.10,0.00,0.00,4970244.00,0.00,34.20,51499.00,0.00,0.00,21.73,0.00,475070.00,0.00,0.00,109566714.00,0.00,1039.00,1793194.00,0.00,0.00,1534482.00,0.00,0.00,0.00
2005-04-01,0.00,-11.28,0.00,0.00,4941.00,0.00,0.06,86.78,0.00,0.00,221.30,0.00,0.00,0.00,32.70,20.33,13.40,0.00,0.00,4657800.00,0.00,45.66,51004.00,0.00,0.00,4.70,0.00,346791.00,0.00,0.00,138177472.00,0.00,2148.00,2409437.00,0.00,0.00,5702516.00,0.00,0.00,0.00
2005-05-01,0.00,-28.11,0.00,0.00,5373.00,0.00,0.05,89.52,0.00,0.00,259.00,0.00,0.00,0.00,24.80,15.90,7.80,0.00,0.00,5064846.00,0.00,38.23,52615.00,0.00,0.00,4.41,0.00,738573.00,0.00,0.00,142583112.00,0.00,1477.00,2353020.00,0.00,0.00,6703237.00,0.00,0.00,0.00
2005-06-01,0.00,-20.03,0.00,0.00,5756.00,0.00,0.07,87.13,0.00,0.00,232.10,0.00,0.00,0.00,22.30,14.28,6.60,0.00,0.00,5425350.00,0.00,46.23,51211.00,0.00,0.00,4.78,0.00,523441.00,0.00,0.00,164314470.00,0.00,1702.00,2558912.00,0.00,0.00,7262389.00,0.00,0.00,0.00
2005-07-01,0.00,-52.56,0.00,0.00,6055.00,0.00,0.10,90.01,0.00,0.00,290.70,0.00,0.00,0.00,22.80,13.35,6.40,0.00,0.00,5708482.00,0.00,69.03,52899.00,0.00,0.00,8.28,0.00,3976411.00,0.00,0.00,304338065.00,0.00,3649.00,4325191.00,0.00,0.00,10118971.00,0.00,0.00,0.00
2005-08-01,0.00,-41.09,0.00,0.00,5980.00,0.00,0.06,92.45,0.00,0.00,270.50,0.00,0.00,0.00,25.40,13.84,5.20,0.00,0.00,5643184.00,0.00,39.44,54337.00,0.00,0.00,5.85,0.00,1589938.00,0.00,0.00,213048811.00,0.00,1834.00,3168851.00,0.00,0.00,9433899.00,0.00,0.00,0.00
2005-09-01,0.00,-18.36,0.00,0.00,5157.00,0.00,0.18,88.91,0.00,0.00,285.70,0.00,0.00,0.00,27.20,15.94,8.70,0.00,0.00,4849114.00,0.00,125.30,52254.00,0.00,0.00,7.37,0.00,6205670.00,0.00,0.00,220539489.00,0.00,6576.00,3808754.00,0.00,0.00,8876627.00,0.00,0.00,0.00
2005-10-01,0.00,-12.37,0.00,0.00,5073.00,0.00,0.11,86.00,0.00,0.00,329.70,0.00,0.00,0.00,33.70,19.34,11.40,0.00,0.00,4808376.00,0.00,77.74,50545.00,0.00,0.00,8.54,0.00,1526429.00,0.00,0.00,268136863.00,0.00,6109.00,4065911.00,0.00,0.00,12088657.00,0.00,0.00,0.00
2005-11-01,0.00,-47.01,0.00,0.00,5080.00,0.00,0.06,87.25,0.00,0.00,330.20,0.00,0.00,0.00,33.20,19.94,11.10,0.00,0.00,4809322.00,0.00,44.07,51277.00,0.00,0.00,3.77,0.00,1077914.00,0.00,0.00,112041169.00,0.00,1408.00,1915357.00,0.00,0.00,6897532.00,0.00,0.00,0.00
2005-12-01,0.00,-33.04,0.00,0.00,5375.00,0.00,0.08,87.54,0.00,0.00,284.20,0.00,0.00,0.00,38.90,22.99,15.40,0.00,0.00,5047448.00,0.00,58.91,51450.00,0.00,0.00,6.39,0.00,869105.00,0.00,0.00,204867686.00,0.00,2457.00,3317462.00,0.00,0.00,9190895.00,0.00,0.00,0.00
2006-01-01,0.00,-68.11,0.00,0.00,5672.00,0.00,0.06,85.44,0.00,0.00,324.10,0.00,0.00,0.00,44.00,23.35,18.30,0.00,0.00,5336190.00,0.00,43.49,50219.00,0.00,0.00,4.46,0.00,2430319.00,0.00,0.00,153956763.00,0.00,1876.00,2223637.00,0.00,0.00,6910581.00,0.00,0.00,0.00
2006-02-01,0.00,-33.79,0.00,0.00,5320.00,0.00,0.09,79.98,0.00,0.00,253.80,0.00,0.00,0.00,32.40,23.55,16.90,0.00,0.00,5017190.00,0.00,60.27,47008.00,0.00,0.00,10.14,0.00,6554596.00,0.00,0.00,325859802.00,0.00,5055.00,4264960.00,0.00,0.00,11707430.00,0.00,0.00,0.00
2006-03-01,0.00,-20.03,0.00,0.00,5500.00,0.00,0.04,87.24,0.00,0.00,299.80,0.00,0.00,0.00,34.30,22.59,15.70,0.00,0.00,5189227.00,0.00,28.89,51276.00,0.00,0.00,3.92,0.00,537768.00,0.00,0.00,129393346.00,0.00,982.00,2040428.00,0.00,0.00,6615153.00,0.00,0.00,0.00
2006-04-01,0.00,0.00,0.00,0.00,5142.00,0.00,0.04,82.05,0.00,0.00,244.50,0.00,0.00,0.00,32.80,18.77,9.30,0.00,0.00,4834320.00,0.00,28.39,48225.00,0.00,0.00,3.66,0.00,0.00,0.00,0.00,112864416.00,0.00,964.90,1807627.00,0.00,0.00,5443541.00,0.00,0.00,0.00
2006-05-01,0.00,-1.32,0.00,0.00,5966.00,0.00,0.09,71.53,0.00,0.00,182.30,0.00,0.00,0.00,26.00,15.36,8.40,0.00,0.00,5612032.00,0.00,60.95,42038.00,0.00,0.00,4.53,0.00,40493.00,0.00,0.00,162152133.00,0.00,1711.00,1918832.00,0.00,0.00,5325473.00,0.00,0.00,0.00
2006-06-01,0.00,-31.14,0.00,0.00,6411.00,0.00,0.06,78.37,0.00,0.00,241.40,0.00,0.00,0.00,19.40,12.14,5.80,0.00,0.00,6036688.00,0.00,45.16,46060.00,0.00,0.00,5.09,0.00,911766.00,0.00,0.00,196750284.00,0.00,2377.00,2454490.00,0.00,0.00,7416850.00,0.00,0.00,0.00
2006-07-01,0.00,-55.15,0.00,0.00,6223.00,0.00,0.13,89.17,0.00,0.00,218.90,0.00,0.00,0.00,22.90,12.82,5.80,0.00,0.00,5859052.00,0.00,93.61,52410.00,0.00,0.00,7.49,0.00,1657646.00,0.00,0.00,276178514.00,0.00,4952.00,4408705.00,0.00,0.00,13313040.00,0.00,0.00,0.00
2006-08-01,0.00,-59.71,0.00,0.00,6274.00,0.00,0.04,91.64,0.00,0.00,100.50,0.00,0.00,0.00,25.30,14.06,6.90,0.00,0.00,5914204.00,0.00,26.53,53861.00,0.00,0.00,4.55,0.00,1663333.00,0.00,0.00,172497989.00,0.00,741.90,2507708.00,0.00,0.00,2668353.00,0.00,0.00,0.00
2006-09-01,0.00,-34.71,0.00,0.00,5542.00,0.00,0.04,81.65,0.00,0.00,119.80,0.00,0.00,0.00,33.50,17.77,9.10,0.00,0.00,5212603.00,0.00,29.73,47986.00,0.00,0.00,4.36,0.00,948519.00,0.00,0.00,144374663.00,0.00,1100.00,2080891.00,0.00,0.00,3310108.00,0.00,0.00,0.00
2006-10-01,0.00,-43.96,0.00,0.00,5573.00,0.00,0.04,87.21,0.00,0.00,82.83,0.00,0.00,0.00,35.70,18.63,9.60,0.00,0.00,5225694.00,0.00,25.30,51255.00,0.00,0.00,4.43,0.00,1287597.00,0.00,0.00,148188714.00,0.00,850.80,2267922.00,0.00,0.00,2083061.00,0.00,0.00,0.00
2006-11-01,0.00,-65.98,0.00,0.00,5543.00,0.00,0.04,86.73,0.00,0.00,142.80,0.00,0.00,0.00,38.00,19.83,8.30,0.00,0.00,5204473.00,0.00,29.26,50972.00,0.00,0.00,5.32,0.00,2542936.00,0.00,0.00,177134147.00,0.00,1056.00,2713303.00,0.00,0.00,4621190.00,0.00,0.00,0.00
2006-12-01,0.00,-111.00,0.00,0.00,5539.00,0.00,0.02,83.67,0.00,0.00,110.50,0.00,0.00,0.00,32.30,20.53,13.40,0.00,0.00,5230476.00,0.00,14.84,49174.00,0.00,0.00,3.66,0.00,3030946.00,0.00,0.00,122414782.00,0.00,395.20,1839313.00,0.00,0.00,2505942.00,0.00,0.00,0.00
2007-01-01,0.00,-140.60,0.00,0.00,5978.00,0.00,0.00,85.71,0.00,0.00,287.20,0.00,0.00,0.00,38.60,22.56,16.50,0.00,0.00,5649914.00,0.00,2.58,50376.00,0.00,0.00,7.56,0.00,9472577.00,0.00,0.00,276456220.00,0.00,91.40,3786070.00,0.00,0.00,10609794.00,0.00,0.00,141.30
2007-02-01,0.00,-168.40,0.00,0.00,5506.00,0.00,0.04,79.36,0.00,0.00,224.70,0.00,0.00,0.01,27.30,22.96,17.80,0.00,0.00,5179590.00,0.00,25.02,46640.00,0.00,0.00,7.90,0.00,11680547.00,0.00,0.00,261990726.00,0.00,807.20,3620043.00,0.00,0.00,8693141.00,0.00,0.00,397.20
2007-03-01,0.00,-169.10,0.00,0.00,5800.00,0.00,0.02,84.15,0.00,0.00,210.00,0.00,0.00,0.01,34.50,22.11,14.10,0.00,0.00,5463820.00,0.00,11.51,49458.00,0.00,0.00,8.89,0.00,11285910.00,0.00,0.00,310225188.00,0.00,1557.00,4290906.00,0.00,0.00,10246168.00,0.00,0.00,606.20
2007-04-01,0.00,-124.90,0.00,0.00,4984.00,0.00,0.00,80.94,0.00,0.00,142.60,0.00,0.00,0.01,26.60,18.90,12.70,0.00,0.00,4717397.00,0.00,0.00,47573.00,0.00,0.00,12.08,0.00,9798962.00,0.00,0.00,362904754.00,0.00,0.00,5948499.00,0.00,0.00,9673154.00,0.00,0.00,1097.00
2007-05-01,0.00,-117.30,0.00,0.00,5750.00,0.00,0.00,90.39,0.00,0.00,164.10,0.00,0.00,0.02,28.20,17.61,7.80,0.00,0.00,5443674.00,0.00,0.00,53124.00,0.00,0.00,9.73,0.00,7328775.00,0.00,0.00,337829319.00,0.00,0.00,5281147.00,0.00,0.00,9069590.00,0.00,0.00,999.10
2007-06-01,0.00,-97.41,0.00,0.00,6037.00,0.00,0.00,85.20,0.00,0.00,245.40,0.00,0.00,0.02,20.50,12.62,5.00,0.00,0.00,5722509.00,0.00,0.00,50073.00,0.00,0.00,39.57,0.00,11217434.00,0.00,0.00,1380581574.00,0.00,0.00,22377474.00,0.00,0.00,89405155.00,0.00,0.00,3939.00
2007-07-01,0.00,-134.70,0.00,0.00,7050.00,0.00,0.00,87.10,0.00,0.00,188.50,0.00,0.00,0.03,23.20,12.08,3.70,0.00,0.00,6680799.00,0.00,0.00,51193.00,0.00,0.00,10.83,0.00,8005899.00,0.00,0.00,456273618.00,0.00,0.00,5660136.00,0.00,0.00,14075129.00,0.00,0.00,1663.00
2007-08-01,0.00,-130.30,0.00,0.00,6510.00,0.00,0.00,89.89,0.00,0.00,119.20,0.00,0.00,0.04,27.30,15.28,7.00,0.00,0.00,6158833.00,0.00,0.00,52833.00,0.00,0.00,7.07,0.00,5753839.00,0.00,0.00,277231080.00,0.00,0.00,3795710.00,0.00,0.00,5235764.00,0.00,0.00,1570.00
2007-09-01,0.00,-124.20,0.00,0.00,5710.00,0.00,0.10,83.54,0.00,0.00,178.10,0.00,0.00,0.09,28.50,16.38,8.90,0.00,0.00,5400712.00,0.00,69.85,49101.00,0.00,0.00,8.59,0.00,6461829.00,0.00,0.00,296712525.00,0.00,4320.00,4140808.00,0.00,0.00,9430052.00,0.00,0.00,4486.00
2007-10-01,0.00,-140.70,0.00,0.00,5851.00,0.00,0.00,83.72,0.00,0.00,160.60,0.00,0.00,0.10,34.60,19.73,10.60,0.00,0.00,5525397.00,0.00,0.00,49207.00,0.00,0.00,7.28,0.00,8273357.00,0.00,0.00,257397181.00,0.00,0.00,3553037.00,0.00,0.00,6166999.00,0.00,0.00,4680.00
2007-11-01,0.00,-136.70,0.00,0.00,5796.00,0.00,0.02,86.82,0.00,0.00,158.40,0.00,0.00,0.14,26.00,20.12,14.10,0.00,0.00,5490031.00,0.00,13.28,51029.00,0.00,0.00,8.18,0.00,8285892.00,0.00,0.00,291282645.00,0.00,1635.00,4122041.00,0.00,0.00,6322816.00,0.00,0.00,7101.00
2007-12-01,0.00,-156.90,0.00,0.00,5791.00,0.00,0.00,83.43,0.00,0.00,155.80,0.00,0.00,0.18,29.60,21.29,14.90,0.00,0.00,5449648.00,0.00,0.00,49036.00,0.00,0.00,8.42,0.00,9780607.00,0.00,0.00,287838842.00,0.00,0.00,4301545.00,0.00,0.00,10818618.00,0.00,0.00,9282.00
2008-01-01,0.00,-168.60,0.00,0.00,6110.00,0.00,0.00,86.61,0.00,0.00,177.80,0.00,0.00,0.22,29.80,22.83,16.00,0.00,0.00,5768880.00,0.00,0.00,50906.00,0.00,0.00,5.25,0.00,6690195.00,0.00,0.00,193558802.00,0.00,0.00,2675458.00,0.00,0.00,5035847.00,0.00,0.00,7074.00
2008-02-01,0.00,-118.00,0.00,0.00,5609.00,0.00,0.00,82.89,0.00,0.00,180.90,0.00,0.00,0.22,28.70,21.18,14.60,0.00,0.00,5293701.00,0.00,0.00,48716.00,0.00,0.00,4.82,0.00,4003974.00,0.00,0.00,162127780.00,0.00,0.00,2371413.00,0.00,0.00,5072104.00,0.00,0.00,6507.00
2008-03-01,0.00,-116.40,0.00,0.00,5780.00,0.00,0.04,78.60,0.00,0.00,210.70,0.00,0.00,0.22,27.80,21.03,12.80,0.00,0.00,5458352.00,0.00,28.54,46197.00,0.00,0.00,6.04,0.00,5230051.00,0.00,0.00,210850315.00,0.00,1184.00,2844009.00,0.00,0.00,6319888.00,0.00,0.00,8113.00
2008-04-01,0.00,-64.93,0.00,0.00,5704.00,0.00,0.03,60.44,0.00,0.00,165.30,0.00,0.00,0.24,28.10,17.40,8.40,0.00,0.00,5386694.00,0.00,24.53,35521.00,0.00,0.00,6.02,0.00,2442442.00,0.00,0.00,206076269.00,0.00,1255.00,2233225.00,0.00,0.00,5752365.00,0.00,0.00,8550.00
2008-05-01,0.00,-94.60,0.00,0.00,6141.00,0.00,0.05,89.69,0.00,0.00,240.00,0.00,0.00,0.23,22.90,15.29,8.90,0.00,0.00,5739523.00,0.00,36.23,52712.00,0.00,0.00,7.21,0.00,4007451.00,0.00,0.00,265499698.00,0.00,1362.00,3897856.00,0.00,0.00,10455171.00,0.00,0.00,10088.00
2008-06-01,0.00,-115.40,0.00,0.00,5961.00,0.00,0.06,82.26,0.00,0.00,220.70,0.00,0.00,0.20,21.80,14.69,8.00,0.00,0.00,5615454.00,0.00,42.54,48348.00,0.00,0.00,6.39,0.00,4736114.00,0.00,0.00,229643232.00,0.00,2034.00,3162395.00,0.00,0.00,8054532.00,0.00,0.00,7738.00
2008-07-01,0.00,-103.20,0.00,0.00,6737.00,0.00,0.00,90.47,0.00,0.00,164.10,0.00,0.00,0.23,22.80,12.23,5.50,0.00,0.00,6350890.00,0.00,0.00,53173.00,0.00,0.00,7.25,0.00,3579457.00,0.00,0.00,294766412.00,0.00,0.00,4096116.00,0.00,0.00,9142653.00,0.00,0.00,9795.00
2008-08-01,0.00,-86.12,0.00,0.00,6713.00,0.00,0.03,88.08,0.00,0.00,134.70,0.00,0.00,0.27,21.10,12.14,5.30,0.00,0.00,6307826.00,0.00,20.79,51767.00,0.00,0.00,6.17,0.00,3025638.00,0.00,0.00,248910446.00,0.00,1562.00,3264848.00,0.00,0.00,4980220.00,0.00,0.00,9792.00
2008-09-01,0.00,-85.36,0.00,0.00,5675.00,0.00,0.04,86.29,0.00,0.00,109.80,0.00,0.00,0.51,32.90,16.50,7.00,0.00,0.00,5376068.00,0.00,29.08,50717.00,0.00,0.00,5.42,0.00,3039164.00,0.00,0.00,185689552.00,0.00,1042.00,2777665.00,0.00,0.00,3344097.00,0.00,0.00,16862.00
2008-10-01,0.00,-117.20,0.00,0.00,5551.00,0.00,0.07,93.84,1.83,0.00,208.60,0.00,0.00,0.54,34.50,18.42,7.90,0.00,0.00,5238368.00,0.00,47.16,54411.00,1325.00,0.00,13.02,0.00,23013041.00,0.00,0.00,416422882.00,0.00,2813.00,6236371.00,66939.00,0.00,10508783.00,0.00,0.00,44920.00
2008-11-01,0.00,-138.00,0.00,0.00,5693.00,0.00,0.08,151.90,21.48,0.00,149.40,0.00,0.00,0.66,34.70,19.76,12.30,0.00,0.00,5372004.00,0.00,59.67,79771.00,15554.00,0.00,5.03,0.00,5275616.00,0.00,0.00,170425314.00,0.00,2046.00,4453842.00,578707.00,0.00,4349136.00,0.00,0.00,20230.00
2008-12-01,0.00,-127.90,0.00,0.00,5583.00,0.00,0.03,140.70,19.40,0.00,123.10,0.00,0.00,0.81,34.30,21.34,14.30,0.00,0.00,5269059.00,0.00,18.59,75033.00,14049.00,0.00,4.39,0.00,3935402.00,0.00,0.00,147362436.00,0.00,578.40,3731995.00,551622.00,0.00,3191521.00,0.00,0.00,21235.00
2009-01-01,0.00,-6.89,0.00,0.00,6033.00,0.00,0.13,151.40,43.00,0.00,203.40,0.00,0.00,0.88,40.10,23.06,14.80,0.00,0.00,5714594.00,0.00,89.36,79698.00,31142.00,906.71,7.33,0.00,466736.00,0.00,0.00,271823710.00,0.00,3369.00,6689173.00,1154348.00,0.00,6824525.00,0.00,0.00,41542.00
2009-02-01,0.00,-38.09,0.00,0.00,5603.00,0.00,0.03,186.30,34.44,0.00,157.90,0.00,0.00,0.87,33.00,22.18,16.50,0.00,0.00,5296632.00,0.00,23.28,94519.00,24942.00,911.12,6.73,0.00,3847643.00,0.00,0.00,221970531.00,0.00,906.20,7570548.00,1426540.00,0.00,5890871.00,0.00,0.00,36070.00
2009-03-01,0.00,-4.77,0.00,0.00,5868.00,0.00,0.03,141.70,8.03,0.00,52.58,0.00,0.00,0.86,27.60,21.99,14.50,0.00,0.00,5519058.00,0.00,23.40,75660.00,5815.00,923.20,4.02,0.00,131218.00,0.00,0.00,141004146.00,0.00,620.30,3344482.00,188853.00,0.00,1209696.00,0.00,0.00,21297.00
2009-04-01,0.00,0.00,0.00,0.00,5167.00,0.00,0.01,195.30,36.05,0.00,38.87,0.00,0.00,0.92,29.10,18.88,10.30,0.00,0.00,4838170.00,0.00,8.76,99170.00,26106.00,912.71,5.93,0.00,0.00,0.00,0.00,182695259.00,0.00,351.50,7222656.00,1203717.00,0.00,1487002.00,0.00,0.00,33228.00
2009-05-01,0.00,0.00,0.00,0.00,5674.00,0.00,0.02,251.10,10.78,0.00,46.50,0.00,0.00,0.90,23.20,16.18,9.70,0.00,0.00,5347973.00,0.00,14.01,124743.00,7805.00,915.97,5.03,0.00,0.00,0.00,0.00,172261841.00,0.00,556.10,7583663.00,257524.00,0.00,1286351.00,0.00,0.00,27321.00
2009-06-01,0.00,0.00,0.00,0.00,5917.00,0.00,0.05,251.20,22.33,0.00,71.16,0.00,0.00,0.79,20.70,13.59,6.10,0.00,0.00,5564036.00,0.00,34.88,124365.00,16306.00,910.93,5.92,0.00,0.00,0.00,0.00,209489757.00,0.00,1532.00,9644337.00,541367.00,0.00,3405497.00,0.00,0.00,26807.00
2009-07-01,0.00,-0.30,-73.82,679.90,6071.00,0.00,0.04,314.00,53.10,0.00,91.92,0.00,0.00,0.91,24.60,13.04,6.30,66088.00,684732.00,5684071.00,0.00,27.21,153245.00,40202.00,910.25,32.30,0.00,6875.00,0.00,0.00,195847145.00,0.00,1932.00,10421742.00,1208004.00,0.00,3737588.00,0.00,0.00,28480.00
2009-08-01,0.00,-25.27,-57.52,744.50,5674.00,0.00,0.06,290.10,32.40,0.00,53.12,0.00,0.00,1.06,25.50,15.24,5.90,51420.00,790265.00,5323713.00,0.00,45.57,142191.00,25143.00,928.12,24.47,0.00,577545.00,0.00,0.00,139338674.00,0.00,1678.00,7209036.00,713400.00,0.00,1415141.00,0.00,0.00,25855.00
2009-09-01,0.00,-8.05,-20.13,688.50,5109.00,0.00,0.00,269.10,20.36,0.00,52.52,0.00,0.00,2.12,32.00,17.59,9.60,17891.00,738656.00,4820232.00,0.00,0.00,132692.00,15228.00,930.56,25.55,0.00,202268.00,0.00,0.00,130601855.00,0.00,0.00,6778618.00,457876.00,0.00,1370670.00,0.00,0.00,54288.00
2009-10-01,0.00,-19.12,-23.61,723.10,5125.00,0.00,0.00,306.10,38.25,0.00,123.90,0.00,0.00,2.29,34.10,17.40,8.90,20842.00,760015.00,4820772.00,0.00,0.00,147815.00,29050.00,914.10,27.24,0.00,565247.00,0.00,0.00,139203931.00,0.00,0.00,8219797.00,907551.00,0.00,3171881.00,0.00,0.00,63176.00
2009-11-01,0.00,-52.56,-80.46,574.30,5262.00,0.00,0.00,290.20,68.94,0.00,260.20,0.00,0.00,2.92,39.70,22.15,15.10,69684.00,588852.00,4941567.00,0.00,0.00,141466.00,51210.00,893.74,96.08,0.00,17935776.00,0.00,0.00,489270445.00,0.00,0.00,25096493.00,15654656.00,0.00,10483936.00,0.00,0.00,315090.00
2009-12-01,0.00,-75.15,-69.92,809.00,5274.00,0.00,0.00,263.50,40.49,0.00,230.60,0.00,0.00,3.53,31.80,21.78,13.50,59995.00,844263.00,4907725.00,0.00,0.00,130081.00,30149.00,903.67,88.72,0.00,18677105.00,0.00,0.00,462368757.00,0.00,0.00,22939372.00,863229.00,0.00,8107523.00,0.00,0.00,343654.00
2010-01-01,0.00,-16.87,-50.94,697.10,5500.00,0.00,0.00,288.00,39.82,0.00,219.40,0.00,0.00,3.88,41.20,23.63,15.70,43800.00,745663.00,5135607.00,0.00,0.00,140471.00,29413.00,899.25,63.00,0.00,355631.00,0.00,0.00,325541348.00,0.00,0.00,18793189.00,21061451.00,0.00,49654077.00,0.00,0.00,195427.00
2010-02-01,0.00,-19.67,-108.10,643.00,5139.00,0.00,0.00,275.80,30.28,0.00,212.70,0.00,0.00,3.86,37.60,23.94,18.10,92884.00,631609.00,4806565.00,0.00,0.00,134413.00,22390.00,890.76,66.45,0.00,403355.00,0.00,0.00,268866264.00,0.00,0.00,16147883.00,15442359.00,0.00,38968899.00,0.00,0.00,215379.00
2010-03-01,0.00,-1.34,-48.60,834.10,5395.00,0.00,0.00,221.00,40.79,0.00,57.35,0.00,0.00,3.99,30.40,22.32,15.60,43303.00,852189.00,5043281.00,0.00,0.00,111377.00,29624.00,921.70,26.95,0.00,15443.00,0.00,0.00,143179529.00,0.00,0.00,5604390.00,1527078.00,0.00,2556716.00,0.00,0.00,103193.00
2010-04-01,0.00,-0.75,-104.70,691.40,4978.00,0.00,0.00,280.80,52.51,0.00,24.02,0.00,0.00,4.44,30.30,19.67,11.80,93549.00,670577.00,4655344.00,0.00,0.00,137214.00,38166.00,912.59,25.36,0.00,12877.00,0.00,0.00,111140515.00,0.00,0.00,6246877.00,1124467.00,0.00,160453.00,0.00,0.00,109919.00
2010-05-01,0.00,-26.64,-251.90,835.10,5473.00,0.00,0.00,334.50,60.34,0.00,153.80,0.00,0.00,4.67,26.80,15.82,9.00,219324.00,752045.00,5102172.00,0.00,0.00,162021.00,43726.00,887.25,28.56,0.00,587289.00,0.00,0.00,155059325.00,0.00,0.00,9703432.00,2206494.00,0.00,5339516.00,0.00,0.00,129547.00
2010-06-01,0.00,-5.08,-151.90,824.90,5678.00,0.00,0.00,301.40,51.26,0.00,193.50,0.00,0.00,4.55,20.20,13.15,4.40,131957.00,747837.00,5328226.00,0.00,0.00,147016.00,37606.00,888.66,35.42,0.00,109571.00,0.00,0.00,213881362.00,0.00,0.00,11963369.00,4843950.00,0.00,16077689.00,0.00,0.00,151369.00
2010-07-01,0.00,-1.00,-70.94,983.60,5736.00,0.00,0.00,331.80,18.14,0.00,235.10,0.00,0.00,5.70,21.00,12.53,6.00,60638.00,904961.00,5395144.00,0.00,0.00,161133.00,13268.00,886.09,28.01,0.00,18966.00,0.00,0.00,160868960.00,0.00,0.00,9401137.00,669441.00,0.00,7498035.00,0.00,0.00,156234.00
2010-08-01,0.00,-0.35,-68.19,932.80,5385.00,0.00,0.00,300.30,15.30,0.00,351.30,0.00,0.00,7.06,24.50,13.51,6.50,55861.00,883401.00,5029674.00,0.00,0.00,147043.00,11392.00,868.91,36.94,0.00,4755.00,0.00,0.00,202637975.00,0.00,0.00,12252519.00,808127.00,0.00,16836814.00,0.00,0.00,246677.00
2010-09-01,0.00,-0.37,-2.65,1065.00,4475.00,0.00,0.00,304.30,21.97,0.00,303.30,0.00,0.00,14.48,26.80,16.20,8.30,2164.00,1058808.00,4200371.00,0.00,0.00,146858.00,15982.00,876.85,24.46,0.00,8255.00,0.00,0.00,109186842.00,0.00,0.00,7456333.00,579036.00,0.00,7731960.00,0.00,0.00,349981.00
2010-10-01,0.00,-0.14,-0.03,1209.00,4271.00,0.00,0.00,343.30,34.84,0.00,269.90,0.00,0.00,16.10,28.30,17.91,9.80,23.07,1210992.00,4032183.00,0.00,0.00,165795.00,25233.00,884.47,22.92,0.00,2686.00,0.00,0.00,98015655.00,0.00,0.00,7906467.00,843960.00,0.00,6185906.00,0.85,0.00,364665.00
2010-11-01,0.00,-0.17,-0.55,1249.00,4179.00,0.00,0.00,276.10,18.73,0.00,337.00,29.01,0.00,20.94,29.90,19.81,11.90,455.80,1239817.00,3932302.00,0.00,0.00,135830.00,13603.00,871.02,23.35,0.00,2484.00,0.00,0.00,97535352.00,0.00,0.00,6408244.00,442955.00,0.00,8097573.00,663795.00,0.00,483295.00
2010-12-01,0.00,-1.93,-2.08,1348.00,4247.00,0.00,0.00,353.70,4.99,0.00,235.40,41.17,0.00,24.71,31.00,21.69,13.40,1757.00,1352925.00,3989246.00,0.00,0.00,170551.00,3897.00,882.24,22.98,0.00,38626.00,0.00,0.00,98103830.00,0.00,0.00,8152841.00,130836.00,0.00,5794044.00,915478.00,0.00,555233.00
2011-01-01,0.00,-82.58,-21.07,858.80,5256.00,0.00,0.04,351.80,97.60,0.00,127.60,33.28,0.00,28.29,34.90,23.60,17.20,18609.00,891014.00,4921468.00,0.00,29.76,169287.00,71864.00,907.56,57.74,0.00,1874278.00,0.00,0.00,215079346.00,0.00,33063.00,14675321.00,8679173.00,0.00,14858051.00,1354876.00,0.00,1367821.00
2011-02-01,0.00,-81.62,-11.15,842.80,4932.00,0.00,0.15,317.30,68.80,0.00,166.60,27.52,0.00,27.85,41.30,24.07,16.60,9851.00,845052.00,4617167.00,0.00,107.90,153201.00,51001.00,899.28,190.43,0.00,2474863.00,0.00,0.00,797988744.00,0.00,1061874.00,52704590.00,72419123.00,0.00,176669129.00,7412959.00,0.00,3809601.00
2011-03-01,0.00,-15.85,-33.05,690.10,5388.00,0.00,0.00,300.70,1.82,0.00,74.97,34.12,0.00,27.15,32.80,22.08,15.90,29673.00,708154.00,5058236.00,0.00,0.00,145390.00,1361.00,909.63,26.91,0.00,297448.00,0.00,0.00,145177957.00,0.00,0.00,8049916.00,61954.00,0.00,2136980.00,904889.00,0.00,715131.00
2011-04-01,0.00,-1.20,-40.13,613.70,4995.00,0.00,0.00,300.40,2.53,0.00,30.99,36.48,0.00,27.84,26.90,18.25,11.70,35845.00,610552.00,4651033.00,0.00,0.00,145897.00,1973.00,900.76,26.66,0.00,29441.00,0.00,0.00,133202948.00,0.00,0.00,8046972.00,83940.00,0.00,849323.00,953183.00,0.00,735532.00
2011-05-01,0.00,-7.19,-204.80,470.70,6115.00,0.00,0.00,272.30,25.05,0.00,81.46,41.12,0.00,26.80,23.10,14.44,7.30,182868.00,420725.00,5707681.00,0.00,0.00,134439.00,18444.00,894.14,29.55,0.00,186266.00,0.00,0.00,181890561.00,0.00,0.00,8214938.00,997648.00,0.00,2612221.00,1191289.00,0.00,780148.00
2011-06-01,0.00,-11.45,-144.90,598.70,5961.00,0.00,0.00,286.40,16.87,0.00,107.80,84.88,0.00,23.35,20.50,13.49,7.10,127846.00,551091.00,5581350.00,0.00,0.00,140340.00,12412.00,889.45,27.96,0.00,258302.00,0.00,0.00,166795918.00,0.00,0.00,8131051.00,647589.00,0.00,3428667.00,2357541.00,0.00,639790.00
2011-07-01,0.00,-18.58,-119.40,843.10,5932.00,0.00,0.00,273.30,31.95,0.00,164.20,81.73,0.00,24.53,20.50,12.27,5.60,103970.00,800148.00,5553893.00,0.00,0.00,134170.00,23511.00,888.38,31.62,0.00,458005.00,0.00,0.00,186639148.00,0.00,0.00,8719965.00,1414958.00,0.00,6159930.00,2466894.00,0.00,751353.00
2011-08-01,0.00,-1.67,-124.10,490.90,5866.00,0.00,0.00,311.30,27.59,0.00,134.20,50.79,0.00,25.70,25.30,14.75,7.30,109112.00,479265.00,5472666.00,0.00,0.56,151304.00,20053.00,886.95,30.72,0.00,43035.00,0.00,0.00,179061897.00,0.00,23.90,9678070.00,979273.00,0.00,4485840.00,1526254.00,0.00,774855.00
2011-09-01,0.00,-2.86,-38.97,607.50,5215.00,0.00,0.02,139.10,2.78,0.00,138.70,85.09,0.00,45.06,31.50,16.40,7.50,34204.00,628028.00,4903802.00,0.00,10.82,73915.00,2117.00,900.23,28.98,0.00,66975.00,0.00,0.00,150901739.00,0.00,395.60,3955316.00,104829.00,0.00,4272233.00,2405656.00,0.00,1286913.00
2011-10-01,0.00,-1.96,-13.53,758.30,5053.00,0.00,0.01,86.46,5.16,0.00,163.10,54.55,0.00,43.24,33.80,17.76,10.10,11957.00,801843.00,4743058.00,0.00,9.03,50302.00,3801.00,908.71,28.88,0.00,45831.00,0.00,0.00,145892603.00,0.00,320.80,2476532.00,186219.00,0.00,4816284.00,1535009.00,0.00,1233637.00
2011-11-01,0.00,-14.32,-10.76,818.90,4668.00,0.00,0.01,306.80,37.75,0.00,226.10,57.06,0.00,48.81,37.00,20.76,13.80,9016.00,866609.00,4386970.00,0.00,10.47,149088.00,27725.00,883.20,39.91,0.00,371340.00,0.00,0.00,155148123.00,0.00,455.50,10413854.00,2426560.00,0.00,8272443.00,1912689.00,0.00,1812315.00
2011-12-01,0.00,-16.83,-16.51,626.30,4520.00,0.00,0.01,361.70,6.52,0.00,169.60,41.34,0.00,53.08,31.20,19.52,11.90,14019.00,698917.00,4238550.00,0.00,10.54,173552.00,4881.00,888.02,26.12,0.00,361051.00,0.00,0.00,118297540.00,0.00,383.80,9414240.00,184304.00,0.00,4625253.00,1035170.00,0.00,1368402.00
2012-01-01,0.00,-30.67,-70.93,546.80,5027.00,0.00,0.00,325.30,7.91,0.00,157.10,62.22,0.00,53.34,32.80,22.53,14.00,55121.00,548818.00,4706786.00,0.00,0.00,157221.00,5798.00,882.43,25.72,0.00,527607.00,113588.00,-429878.00,129585697.00,0.00,0.00,8454511.00,360016.00,0.00,4401446.00,1559214.00,0.00,1337233.00
2012-02-01,0.00,-12.02,-43.29,399.60,4659.00,0.00,0.02,310.10,2.57,0.00,201.30,37.82,0.00,47.26,33.00,22.08,16.70,109868.00,418244.00,4331146.00,0.00,16.12,150095.00,1988.00,855.29,27.45,0.00,227164.00,61837.00,-620253.00,128769736.00,0.00,636.70,8602241.00,82064.00,0.00,5915566.00,1013559.00,0.00,1270348.00
2012-03-01,0.00,-5.22,-20.70,901.10,4586.00,0.00,0.02,302.20,2.32,0.00,248.90,49.42,0.00,41.74,29.20,20.71,14.00,17562.00,894769.00,4269962.00,0.00,12.16,147295.00,1681.00,867.40,25.92,0.00,94528.00,0.00,0.00,119533896.00,0.00,535.00,7843193.00,66830.00,0.00,6339825.00,1177458.00,0.00,1062700.00
2012-04-01,0.00,-0.65,-8.45,988.20,4196.00,0.00,0.10,318.00,41.89,0.00,181.80,39.62,0.00,39.95,27.70,19.04,10.20,7082.00,967284.00,3971931.00,0.00,74.15,153390.00,30876.00,882.69,34.18,0.00,19084.00,0.00,0.00,142712761.00,0.00,3865.00,10916258.00,1798589.00,0.00,6723219.00,1302404.00,0.00,1338724.00
2012-05-01,0.00,-6.81,-24.86,835.60,5177.00,0.00,0.02,303.00,8.32,0.00,147.20,46.04,0.00,36.22,29.00,15.21,8.50,21777.00,809841.00,4867994.00,0.00,15.74,147802.00,6054.00,890.86,29.15,0.00,122023.00,0.00,0.00,150192210.00,0.00,620.20,8876841.00,273265.00,0.00,4599975.00,1291524.00,0.00,1039876.00
2012-06-01,0.00,-18.08,-61.78,541.40,5521.00,0.00,0.21,295.90,31.91,0.00,256.60,56.47,0.00,30.34,20.40,13.08,6.40,53542.00,501775.00,5187157.00,0.00,144.90,143869.00,23161.00,872.05,37.05,0.00,502374.00,0.00,0.00,203275004.00,0.00,7056.00,11035625.00,1690249.00,0.00,10526730.00,2000467.00,0.00,1092240.00
2012-07-01,0.00,-16.44,-88.90,504.20,5448.00,0.00,0.19,341.60,51.61,0.00,434.30,51.13,0.00,31.92,22.50,12.76,5.80,75418.00,457519.00,5087362.00,0.00,131.30,164972.00,37771.00,839.40,67.95,0.00,910273.00,0.00,0.00,368492938.00,0.00,12323.00,23262281.00,5330663.00,0.00,30629089.00,3208151.00,0.00,2113742.00
2012-08-01,0.00,-12.45,-23.68,661.00,5157.00,0.00,0.02,208.50,44.34,0.00,387.20,98.11,0.00,33.62,29.00,13.82,5.70,20095.00,627869.00,4821858.00,0.00,12.29,105556.00,32143.00,849.50,58.15,0.00,680168.00,0.00,0.00,298959283.00,0.00,1029.00,12067547.00,2944323.00,0.00,22905418.00,5477491.00,0.00,1929788.00
2012-09-01,0.00,-7.32,-22.41,683.90,4303.00,0.00,0.00,248.60,22.68,0.00,360.20,69.71,0.00,59.37,32.70,16.51,5.50,18456.00,665385.00,4052412.00,0.00,0.00,122739.00,16425.00,846.23,53.09,0.00,356637.00,0.00,0.00,227937147.00,0.00,0.00,13200234.00,1252393.00,0.00,19230353.00,3590253.00,0.00,3132361.00
2012-10-01,0.00,-13.16,-6.68,994.90,3918.00,0.00,0.00,368.10,75.53,0.00,294.50,57.30,0.00,57.43,33.80,17.80,8.70,5318.00,983763.00,3666567.00,0.00,0.00,176852.00,55062.00,848.76,57.73,0.00,710167.00,0.00,0.00,224637755.00,0.00,0.00,20956471.00,5099326.00,0.00,18633802.00,3252936.00,0.00,3276955.00
2012-11-01,0.00,-8.78,-50.16,605.00,4330.00,0.00,0.00,370.50,31.81,0.00,295.40,48.96,0.00,65.44,32.60,19.85,12.90,41497.00,578007.00,4032946.00,0.00,0.00,177649.00,23058.00,838.61,58.49,0.00,462404.00,0.00,0.00,251053511.00,0.00,0.00,21174737.00,3245502.00,0.00,18666720.00,2760202.00,0.00,3722227.00
2012-12-01,0.00,-6.63,-66.32,530.70,4495.00,0.00,0.06,370.20,8.36,0.00,371.30,70.72,0.00,73.05,32.70,21.56,14.10,54958.00,529793.00,4188679.00,0.00,43.35,177282.00,6058.00,829.03,50.12,0.00,322516.00,0.00,0.00,226187061.00,0.00,5624.00,18517872.00,479975.00,0.00,18638057.00,3512834.00,0.00,3639351.00
2013-01-01,0.00,-8.64,-63.99,562.40,5150.00,0.00,0.00,365.10,18.62,0.00,180.60,59.20,0.00,73.94,45.10,23.47,16.80,55010.00,607033.00,4806366.00,0.00,0.00,175216.00,13552.00,875.33,51.46,0.00,413667.00,0.00,0.00,262628714.00,0.00,0.00,18454804.00,1270907.00,0.00,10075533.00,3016322.00,0.00,3738406.00
2013-02-01,0.00,-12.88,-41.80,481.80,4516.00,0.00,0.04,333.70,28.11,0.00,160.30,53.25,0.00,65.89,28.70,22.41,14.20,35909.00,491933.00,4224587.00,0.00,30.38,160308.00,20441.00,870.53,52.61,0.00,642810.00,0.00,0.00,237514465.00,0.00,2904.00,17481536.00,1659296.00,0.00,8672448.00,2709476.00,0.00,3434186.00
2013-03-01,0.00,-8.09,-103.70,495.30,4936.00,0.00,0.02,365.00,23.37,0.00,170.80,61.93,0.00,58.21,33.40,22.27,14.00,88541.00,550409.00,4597465.00,0.00,11.59,174200.00,16923.00,875.25,53.04,0.00,394981.00,0.00,0.00,261424966.00,0.00,900.60,19182920.00,1351809.00,0.00,9327491.00,3229568.00,0.00,3056607.00
2013-04-01,0.00,-1.07,-11.17,559.70,4368.00,0.00,0.01,372.30,16.35,0.00,133.70,47.70,0.00,55.53,28.40,18.73,11.00,9481.00,585252.00,4061110.00,0.00,4.59,178142.00,11883.00,871.12,54.64,0.00,50329.00,0.00,0.00,237673326.00,0.00,383.00,20189314.00,1035607.00,0.00,7844380.00,2539668.00,0.00,2999730.00
2013-05-01,0.00,-2.50,-37.72,432.60,5200.00,0.00,1.76,226.40,28.33,0.00,149.20,65.16,0.00,49.31,25.60,15.67,9.40,32627.00,439178.00,4840384.00,0.00,1244.00,113614.00,20620.00,880.55,55.74,0.00,117770.00,0.00,0.00,288470905.00,0.00,92295.00,12599142.00,1880233.00,0.00,8708142.00,3581272.00,0.00,2715501.00
2013-06-01,0.00,-2.67,-85.43,365.10,5415.00,0.00,0.20,268.00,23.08,0.00,197.10,51.28,0.00,39.21,24.70,13.89,7.60,73697.00,370676.00,5055435.00,0.00,139.20,131259.00,16740.00,877.16,57.51,0.00,137637.00,0.00,0.00,310788057.00,0.00,10825.00,14695387.00,1748892.00,0.00,12623107.00,2902119.00,0.00,2215365.00
2013-07-01,0.00,-1.80,-67.83,331.40,5448.00,0.00,0.02,361.20,36.24,0.00,278.40,67.83,0.00,41.36,24.20,13.76,7.20,57554.00,323228.00,5078097.00,0.00,12.36,173925.00,26278.00,853.60,58.78,0.00,90908.00,0.00,0.00,317413838.00,0.00,928.20,21024639.00,2776367.00,0.00,17076898.00,3816312.00,0.00,2390608.00
2013-08-01,0.00,-0.33,-44.94,333.10,5137.00,0.00,17.35,380.50,27.63,0.00,221.60,111.10,0.00,43.65,24.10,14.97,7.10,37925.00,329763.00,4824111.00,0.00,12247.00,182381.00,20052.00,856.10,54.69,0.00,17506.00,0.00,0.00,280458375.00,0.00,941646.00,20717067.00,1701184.00,0.00,12314594.00,5979958.00,0.00,2369322.00
2013-09-01,0.00,-0.61,-26.12,516.20,4359.00,0.00,21.44,297.80,32.23,0.00,209.70,77.89,0.00,77.19,31.80,18.50,10.00,21984.00,523655.00,4090970.00,0.00,15138.00,141132.00,23344.00,857.59,53.04,0.00,28546.00,0.00,0.00,230825886.00,0.00,1125858.00,15626266.00,1809308.00,0.00,11274922.00,4112953.00,0.00,4068684.00
2013-10-01,0.00,0.00,-59.01,386.30,4463.00,0.00,3.39,348.10,3.65,0.00,419.80,79.73,0.00,74.57,37.10,19.86,9.90,47938.00,415263.00,4149341.00,0.00,2393.00,166250.00,2643.00,819.64,51.70,0.00,0.00,0.00,0.00,230668143.00,0.00,174051.00,17932129.00,191645.00,0.00,21856099.00,4097233.00,0.00,3841100.00
2013-11-01,0.00,-0.41,-44.41,505.60,4195.00,0.00,0.03,375.20,5.62,0.00,386.30,62.99,0.00,84.33,34.00,19.60,11.80,35934.00,563862.00,3917025.00,0.00,19.88,179350.00,4073.00,830.91,50.68,0.00,19819.00,0.00,0.00,212757707.00,0.00,1417.00,18973491.00,299294.00,0.00,19730337.00,3172997.00,0.00,4257821.00
2013-12-01,0.00,-0.43,-53.72,591.30,4344.00,0.00,0.03,379.80,11.23,0.00,441.00,63.01,0.00,92.05,35.70,22.05,12.80,43288.00,652931.00,4074290.00,0.00,20.42,181708.00,8234.00,830.55,63.45,0.00,20672.00,0.00,0.00,278230751.00,0.00,17026.00,23314821.00,7545670.00,0.00,38633221.00,4392373.00,0.00,5433711.00
2014-01-01,0.00,-17.36,-67.68,656.50,4920.00,0.00,0.04,365.60,13.17,0.00,112.90,70.13,0.00,92.71,35.90,22.80,16.10,58904.00,687682.00,4606071.00,0.00,30.91,175545.00,9699.00,881.89,53.41,0.00,771521.00,0.00,0.00,263697344.00,0.00,3091.00,19343377.00,1311957.00,0.00,6736419.00,3593786.00,0.00,4831118.00
2014-02-01,0.00,-4.42,-42.38,483.50,4594.00,0.00,0.18,328.90,9.18,0.00,66.09,58.20,0.00,82.14,31.70,22.45,15.60,37146.00,507882.00,4273063.00,0.00,130.40,158146.00,6730.00,880.44,50.86,0.00,188934.00,0.00,0.00,234045414.00,0.00,10050.00,16699687.00,526326.00,0.00,3396548.00,2878461.00,0.00,4133284.00
2014-03-01,0.00,-3.76,-19.39,577.70,4906.00,0.00,0.00,290.40,0.30,0.00,37.54,47.38,0.00,72.31,29.20,22.15,15.20,17328.00,600038.00,4563136.00,0.00,0.00,141155.00,215.30,894.85,49.14,0.00,157338.00,0.00,0.00,241365302.00,0.00,0.00,14222528.00,16417.00,0.00,1875264.00,2276000.00,0.00,3520050.00
2014-04-01,0.00,0.00,-8.37,730.70,4230.00,0.00,0.00,361.90,17.98,0.00,36.06,45.22,0.00,68.87,29.30,19.29,12.40,7223.00,793307.00,3921549.00,0.00,0.00,173169.00,13053.00,892.66,48.99,0.00,0.00,0.00,0.00,207773239.00,0.00,0.00,17672949.00,937456.00,0.00,1836463.00,2183354.00,0.00,3348459.00
2014-05-01,0.00,-6.04,-20.55,531.60,4716.00,0.00,0.08,375.50,51.95,0.00,155.20,64.74,0.00,61.13,26.80,17.24,10.30,17668.00,544175.00,4370329.00,0.00,59.88,179884.00,37726.00,862.54,51.96,0.00,271221.00,0.00,0.00,237030503.00,0.00,4333.00,18885562.00,3035189.00,0.00,8221239.00,3176878.00,0.00,3140248.00
2014-06-01,0.00,-3.12,-23.81,632.60,4637.00,0.00,0.04,374.30,35.35,0.00,235.60,90.37,0.00,48.69,22.40,14.50,8.60,20186.00,611436.00,4287521.00,0.00,26.71,178959.00,25870.00,843.47,50.14,0.00,142414.00,0.00,0.00,232816781.00,0.00,1884.00,18670622.00,2041338.00,0.00,12067437.00,4387793.00,0.00,2421840.00
2014-07-01,0.00,-14.14,-15.75,967.00,5047.00,0.00,0.04,294.20,43.63,0.00,86.88,109.00,0.00,51.32,24.40,12.96,6.50,13849.00,908582.00,4664384.00,0.00,29.27,143888.00,32033.00,873.03,42.10,0.00,448037.00,0.00,0.00,210675282.00,0.00,1534.00,13075494.00,2438881.00,0.00,4197309.00,4243553.00,0.00,2115923.00
2014-08-01,0.00,-13.75,-16.67,1127.00,4831.00,0.00,0.03,221.60,23.41,0.00,120.60,68.85,0.00,54.04,24.70,13.28,5.60,14651.00,1050647.00,4439134.00,0.00,17.78,111010.00,17493.00,873.37,36.94,0.00,381698.00,0.00,0.00,175398364.00,0.00,784.50,8561241.00,1280250.00,0.00,5172476.00,2427645.00,0.00,1949763.00
2014-09-01,0.00,-7.17,-3.68,936.10,4187.00,0.00,0.04,171.00,51.73,0.00,171.20,82.90,0.00,95.78,32.40,16.30,9.00,3184.00,912711.00,3855022.00,0.00,27.95,88314.00,38966.00,860.50,40.94,0.00,274097.00,0.00,0.00,167676488.00,0.00,1573.00,7416349.00,3125574.00,0.00,7964483.00,3230305.00,0.00,3829284.00
2014-10-01,0.00,-0.16,-5.53,1002.00,4267.00,0.00,0.01,70.87,29.59,0.00,131.00,94.84,0.00,92.74,33.50,19.28,9.00,4730.00,998581.00,3938501.00,0.00,9.04,41650.00,21619.00,879.15,32.00,0.00,3962.00,0.00,0.00,137210997.00,0.00,422.50,2254090.00,1055445.00,0.00,4203468.00,2954430.00,0.00,2931511.00
2014-11-01,0.00,-4.63,-8.96,1022.00,4033.00,0.00,0.03,256.00,69.61,0.00,121.90,95.47,0.00,105.20,36.10,21.06,13.70,7526.00,1001047.00,3712447.00,0.00,21.81,124988.00,51213.00,858.09,35.38,0.00,109914.00,0.00,0.00,142939692.00,0.00,1357.00,9328092.00,3462558.00,0.00,5721168.00,3470240.00,0.00,3546292.00
2014-12-01,0.00,-2.38,-6.28,1007.00,4045.00,0.00,0.02,337.30,39.67,0.00,131.20,116.40,0.00,115.00,31.70,21.92,15.40,5251.00,1008294.00,3717484.00,0.00,13.78,162296.00,29330.00,849.43,31.59,0.00,51130.00,0.00,0.00,128937038.00,0.00,809.20,10673106.00,1577686.00,0.00,4461338.00,3550940.00,0.00,3522450.00
2015-01-01,0.00,-10.87,-37.18,807.60,4503.00,0.00,0.04,331.60,59.42,0.00,206.50,133.10,0.00,116.10,35.30,23.39,14.70,30860.00,874594.00,4150907.00,0.00,25.21,159826.00,43163.00,850.78,38.70,0.00,299370.00,0.00,0.00,171362607.00,0.00,1763.00,13021506.00,4447607.00,0.00,11354595.00,4449749.00,0.00,4292217.00
2015-02-01,0.00,-3.92,-14.56,778.60,4176.00,0.00,0.01,300.40,22.91,0.00,82.01,87.04,0.00,103.40,31.90,23.22,17.40,12433.00,776905.00,3845917.00,0.00,9.87,145418.00,16600.00,862.71,34.49,0.00,117405.00,0.00,0.00,145716289.00,0.00,648.30,10548694.00,872535.00,0.00,3467006.00,2816547.00,0.00,3459764.00
2015-03-01,0.00,-7.52,-37.53,786.30,4480.00,0.00,0.00,319.40,36.96,0.00,123.20,130.70,1.96,91.20,36.40,21.83,14.90,31678.00,821522.00,4137711.00,0.00,0.00,153585.00,26858.00,862.16,31.57,0.00,158477.00,0.00,0.00,143259955.00,0.00,0.00,10304989.00,1194906.00,0.00,4034062.00,3903832.00,65903.00,2808048.00
2015-04-01,0.00,-6.36,-1.18,993.50,3932.00,0.00,0.05,239.80,62.24,0.00,70.07,123.00,6.31,86.69,31.10,18.25,10.40,1020.00,973769.00,3633617.00,0.00,32.55,116453.00,45078.00,865.93,37.08,0.00,165792.00,0.00,0.00,145902169.00,0.00,1750.00,8941695.00,2763914.00,0.00,3443219.00,4315685.00,244831.00,3106969.00
2015-05-01,0.00,-5.97,-2.22,890.00,4606.00,0.00,0.21,194.20,48.97,0.00,97.23,180.70,10.71,76.69,27.30,15.90,8.00,1813.00,872112.00,4247780.00,0.00,147.40,97934.00,35488.00,861.42,36.68,0.00,138383.00,0.00,0.00,168406844.00,0.00,7190.00,7212202.00,2580581.00,0.00,4797921.00,6118785.00,389267.00,2737066.00
2015-06-01,0.00,-8.64,-24.81,851.40,4877.00,0.00,0.13,280.50,14.50,0.00,155.30,97.29,10.02,60.95,22.50,13.45,6.10,20965.00,789274.00,4499439.00,0.00,94.92,136190.00,10504.00,857.59,37.06,0.00,249234.00,0.00,0.00,181583623.00,0.00,3983.00,10504915.00,718143.00,0.00,6382756.00,3260063.00,358747.00,2199076.00
2015-07-01,0.00,-20.16,-16.25,740.90,5256.00,0.00,0.03,324.00,16.53,0.00,253.80,186.30,14.78,64.06,20.50,11.83,5.90,13540.00,720880.00,4840205.00,0.00,23.80,156993.00,12114.00,838.22,40.39,0.00,716342.00,0.00,0.00,211961075.00,0.00,1220.00,13258917.00,944860.00,0.00,11735582.00,7089018.00,554504.00,2507949.00
2015-08-01,0.00,-18.60,-34.45,657.20,4895.00,0.00,0.01,330.70,12.22,0.00,178.70,211.30,16.77,67.23,28.10,14.10,5.30,28435.00,632005.00,4511821.00,0.00,7.53,159863.00,8848.00,836.61,37.58,0.00,582759.00,0.00,0.00,184802418.00,0.00,371.30,12543197.00,596422.00,0.00,7319184.00,7580183.00,599226.00,2470702.00
2015-09-01,0.00,-14.81,-47.50,473.00,4467.00,0.00,0.15,343.70,39.89,0.00,186.00,120.30,26.02,118.20,29.20,15.78,8.10,39905.00,463236.00,4121387.00,0.00,102.70,163582.00,28984.00,829.38,62.77,0.00,564674.00,0.00,0.00,262609041.00,0.00,8332.00,20340473.00,9482309.00,0.00,31282291.00,6078354.00,1114301.00,6854418.00
2015-10-01,0.00,-2.16,-59.19,481.50,4559.00,0.00,0.07,179.70,45.42,0.00,194.80,151.00,30.37,113.60,36.80,20.58,13.00,49674.00,473872.00,4206933.00,0.00,48.96,90048.00,32910.00,834.92,37.59,0.00,57590.00,0.00,0.00,172455043.00,0.00,2561.00,6905677.00,1852434.00,0.00,7669717.00,5485261.00,1212147.00,4174800.00
2015-11-01,0.00,-4.99,-55.43,582.60,4349.00,0.00,0.40,275.70,84.24,0.00,169.20,135.50,33.06,127.90,40.70,21.14,13.70,44899.00,564899.00,3995006.00,0.00,280.80,133340.00,61310.00,826.71,51.60,0.00,179252.00,0.00,0.00,214707323.00,0.00,139167.00,13920324.00,7144558.00,0.00,19787480.00,7378990.00,1760582.00,5871889.00
2015-12-01,0.00,-15.93,-91.81,627.90,4587.00,0.00,0.26,325.60,65.03,0.00,156.60,134.80,33.66,139.10,34.90,21.72,14.70,75497.00,605658.00,4207276.00,0.00,181.20,156286.00,47280.00,828.75,46.05,0.00,485192.00,0.00,0.00,212859168.00,0.00,15479.00,14978688.00,3631178.00,0.00,8139541.00,5922289.00,1640586.00,6196905.00
2016-01-01,0.00,-15.23,-73.68,687.70,4601.00,0.00,0.24,145.80,95.75,0.00,339.00,125.80,31.86,139.50,38.30,22.69,14.50,59924.00,740532.00,4233360.00,0.00,170.90,76798.00,69802.00,832.67,50.34,0.00,481386.00,0.00,0.00,201139702.00,0.00,32321.00,8068383.00,6822157.00,0.00,18670960.00,5376245.00,1579788.00,6308190.00
2016-02-01,0.00,-19.35,-97.67,453.80,4926.00,0.00,0.21,125.30,61.55,0.00,288.40,110.10,37.38,123.30,32.50,24.08,17.00,81309.00,502910.00,4543382.00,0.00,150.50,66925.00,44919.00,844.89,40.42,0.00,627159.00,0.00,0.00,194973903.00,0.00,11048.00,5808386.00,3635894.00,0.00,13089961.00,4017677.00,1697844.00,4785273.00
2016-03-01,0.00,-31.42,-49.46,563.90,4828.00,0.00,0.15,203.30,94.62,0.00,335.30,93.54,38.56,108.10,29.90,22.59,14.40,39332.00,608790.00,4432913.00,0.00,102.90,102424.00,68659.00,836.52,46.18,0.00,1093910.00,0.00,0.00,220855149.00,0.00,6476.00,10315642.00,5453824.00,0.00,17245467.00,4163792.00,1992790.00,4828827.00
2016-04-01,0.00,-6.81,-20.35,794.50,3975.00,0.00,0.47,159.40,150.10,0.00,273.70,93.32,39.23,102.60,33.80,20.22,13.20,16369.00,865270.00,3642271.00,0.00,331.90,81975.00,108725.00,841.95,67.93,0.00,283648.00,0.00,0.00,253524582.00,0.00,50131.00,11505962.00,12464316.00,0.00,20938992.00,5501688.00,2376110.00,6774678.00
2016-05-01,0.00,-13.15,-57.41,595.50,4495.00,0.00,0.96,189.40,67.07,0.00,226.10,264.10,35.01,90.42,27.70,17.39,7.30,46654.00,608852.00,4146506.00,0.00,676.90,96966.00,48608.00,823.85,70.45,0.00,686383.00,0.00,0.00,297079177.00,0.00,46847.00,14813598.00,7035840.00,0.00,19544438.00,15908096.00,2218207.00,6041864.00
2016-06-01,0.00,-42.14,-23.32,771.50,4717.00,0.00,0.13,202.30,81.68,0.00,289.10,213.40,25.04,71.53,22.00,14.27,5.60,18676.00,721125.00,4356141.00,0.00,88.62,102244.00,59161.00,827.77,103.23,0.00,1782923.00,0.00,0.00,454682743.00,0.00,11845.00,23035717.00,12632464.00,0.00,34617429.00,18265138.00,2230634.00,6988481.00
2016-07-01,0.00,-28.73,-25.45,757.10,5183.00,0.00,0.14,134.00,47.36,0.00,174.50,228.20,31.76,74.80,25.60,13.62,6.40,21185.00,710029.00,4786892.00,0.00,99.87,71940.00,34300.00,848.77,70.46,0.00,1176006.00,0.00,0.00,337795567.00,0.00,8205.00,11148586.00,6576022.00,0.00,18576040.00,13054005.00,1788101.00,4944280.00
2016-08-01,0.00,-12.33,-23.10,702.00,5257.00,0.00,0.06,108.40,22.57,0.00,96.70,160.70,39.22,78.28,25.10,13.99,7.20,19757.00,690488.00,4855142.00,0.00,43.90,59823.00,16350.00,871.31,50.63,0.00,377553.00,0.00,0.00,265244469.00,0.00,1932.00,6259803.00,2510188.00,0.00,7279938.00,6727941.00,1544303.00,3764485.00
2016-09-01,0.00,-10.01,-69.45,637.60,4480.00,0.00,0.04,139.00,10.85,0.00,175.90,169.10,39.09,137.40,24.10,16.73,10.00,57416.00,624094.00,4131070.00,0.00,24.85,71705.00,7855.00,836.73,45.96,0.00,335550.00,0.00,0.00,201897742.00,0.00,1829.00,7096619.00,779015.00,0.00,8402309.00,7371299.00,1631857.00,6166512.00
2016-10-01,0.00,-15.78,-14.48,1018.00,3497.00,0.00,0.13,175.20,32.69,0.00,461.70,252.50,53.70,131.70,33.50,18.55,9.00,10382.00,999857.00,3228887.00,0.00,95.25,89486.00,24082.00,774.63,56.43,0.00,703094.00,0.00,0.00,188038512.00,0.00,7494.00,10887915.00,2523358.00,0.00,26343168.00,12415146.00,2794099.00,7271157.00
2016-11-01,0.00,-16.68,-16.84,864.20,3772.00,0.00,0.12,151.10,100.40,0.00,477.10,163.80,57.16,148.40,32.30,21.04,12.20,12723.00,870420.00,3492309.00,0.00,85.76,79071.00,72752.00,789.70,90.17,0.00,736539.00,0.00,0.00,300843503.00,0.00,9725.00,13351254.00,15382350.00,0.00,57183324.00,12442698.00,6453285.00,12337976.00
2016-12-01,0.00,-5.08,-63.23,747.00,4555.00,0.00,0.10,96.02,8.33,0.00,507.50,155.00,53.44,168.40,37.50,23.28,16.80,49310.00,790238.00,4211378.00,0.00,73.42,53463.00,6036.00,805.45,53.72,0.00,185085.00,0.00,0.00,249427466.00,0.00,5326.00,6045234.00,1148880.00,0.00,30364726.00,8561815.00,3226244.00,8679336.00
2017-01-01,0.00,-48.87,-62.28,537.60,5382.00,0.00,0.09,150.10,92.94,0.00,197.70,147.90,54.93,165.90,38.50,24.66,18.60,52681.00,576300.00,4962494.00,0.00,63.22,77704.00,67316.00,850.89,90.71,0.00,2271054.00,0.00,0.00,454609447.00,0.00,9623.00,15647611.00,12485434.00,0.00,23935811.00,12988207.00,5642126.00,13716612.00
2017-02-01,0.00,-38.74,-22.14,670.10,4556.00,0.00,0.40,161.30,103.00,0.00,245.60,137.90,49.09,146.40,37.10,24.11,17.00,18449.00,675370.00,4188862.00,0.00,280.60,84163.00,74829.00,832.94,223.24,0.00,2820091.00,0.00,0.00,932277768.00,0.00,899731.00,41191349.00,54069421.00,0.00,162953862.00,28239657.00,12662760.00,26147040.00
2017-03-01,0.00,-17.06,-42.73,634.60,4913.00,0.00,0.06,164.90,60.64,0.00,78.55,126.50,49.07,118.00,31.30,22.24,15.40,36711.00,622375.00,4519544.00,0.00,40.03,84257.00,44074.00,860.00,96.47,0.00,1085159.00,0.00,0.00,465493315.00,0.00,5174.00,18578804.00,9146888.00,0.00,8964761.00,11173753.00,5194919.00,10933880.00
2017-04-01,0.00,-21.16,-62.78,711.20,4205.00,0.00,0.00,117.00,129.00,0.00,90.71,88.10,45.63,124.10,28.60,18.60,10.30,53692.00,631298.00,3882695.00,0.00,0.00,64030.00,93421.00,850.92,107.94,0.00,1866558.00,0.00,0.00,450129182.00,0.00,0.00,12572578.00,14974051.00,0.00,10480040.00,8912394.00,4868836.00,13212927.00
2017-05-01,0.00,-15.99,-150.40,419.00,5108.00,0.00,0.00,190.90,14.89,0.00,235.30,113.90,41.65,104.20,25.50,16.37,7.20,124875.00,370494.00,4705927.00,0.00,0.00,96204.00,10804.00,834.55,90.71,0.00,1262616.00,0.00,0.00,459578357.00,0.00,0.00,18260635.00,1737632.00,0.00,22459949.00,9656118.00,3586964.00,9344656.00
2017-06-01,0.00,-10.10,-149.40,551.00,5378.00,0.00,0.22,163.40,29.35,0.00,253.40,86.73,35.43,81.71,20.00,13.62,7.70,125191.00,475848.00,4948015.00,0.00,152.10,85199.00,21276.00,841.98,86.00,0.00,786544.00,0.00,0.00,458666739.00,0.00,20229.00,14785058.00,2989855.00,0.00,23842742.00,7021782.00,2866455.00,6933910.00
2017-07-01,0.00,-33.62,-123.80,684.60,5472.00,0.00,0.00,141.50,21.62,0.00,162.20,232.20,41.07,59.45,25.80,13.29,5.40,102074.00,593528.00,5039820.00,0.00,0.00,73076.00,15665.00,844.20,93.20,0.00,2551813.00,0.00,0.00,504871199.00,0.00,0.00,13674638.00,2744328.00,0.00,17752024.00,20435806.00,3477530.00,5417678.00
2017-08-01,0.00,-19.58,-60.62,914.20,4686.00,0.00,4.32,157.80,82.55,0.00,218.40,239.70,48.61,46.08,25.80,14.03,6.50,48386.00,824407.00,4307628.00,0.00,3046.00,70620.00,59800.00,825.83,104.40,0.00,1600657.00,0.00,0.00,487964625.00,0.00,398021.00,17244308.00,9958177.00,0.00,25810740.00,22439669.00,4670281.00,4706611.00
2017-09-01,0.00,-9.37,-40.01,817.60,3970.00,0.00,1.09,254.00,91.56,0.00,138.90,283.30,52.25,168.30,33.50,17.32,7.90,31690.00,739885.00,3653049.00,0.00,766.70,113681.00,66323.00,793.00,88.34,0.00,762682.00,0.00,0.00,350756703.00,0.00,98710.00,22527559.00,8370423.00,0.00,13123107.00,24309931.00,4480480.00,14685858.00
2017-10-01,0.00,-10.61,-83.51,624.00,4317.00,0.00,0.02,291.10,11.65,0.00,133.60,148.90,54.77,159.10,35.10,19.44,11.30,68593.00,574718.00,3964904.00,0.00,17.42,130256.00,8477.00,816.46,83.22,0.00,711656.00,0.00,0.00,356479537.00,0.00,2098.00,23893703.00,1335446.00,0.00,11435236.00,12092565.00,4657590.00,13074838.00
2017-11-01,0.00,-21.49,-210.40,594.00,4556.00,0.00,0.15,226.10,51.39,0.00,105.70,123.80,53.67,180.80,28.30,19.92,12.10,173982.00,514042.00,4186272.00,0.00,106.70,101200.00,37223.00,824.22,80.06,0.00,1430514.00,0.00,0.00,362131277.00,0.00,11445.00,17810135.00,4633236.00,0.00,9704080.00,9441045.00,4512713.00,14243424.00
2017-12-01,0.00,-69.51,-143.20,549.00,5093.00,0.00,0.12,204.50,58.56,0.00,115.40,177.00,59.58,190.90,39.00,22.97,15.70,119846.00,487758.00,4690382.00,0.00,81.56,91644.00,42427.00,832.74,79.16,0.00,4448614.00,0.00,0.00,397093346.00,0.00,9060.00,16109233.00,6094311.00,0.00,10756178.00,13463927.00,4985625.00,14613395.00
2018-01-01,0.00,-10.32,-212.40,412.30,5507.00,0.00,0.11,85.88,17.89,0.00,255.60,152.00,60.72,196.40,42.50,23.35,14.50,176527.00,365213.00,5065437.00,0.00,79.55,38461.00,13005.00,820.65,78.62,0.00,647189.00,0.00,0.00,425460216.00,0.00,8261.00,7537813.00,1913431.00,0.00,22651237.00,11241497.00,5138263.00,14934256.00
2018-02-01,0.00,-8.44,-196.70,392.30,4822.00,0.00,0.02,77.38,16.51,0.00,236.10,180.60,53.43,175.20,34.00,22.91,15.70,162677.00,349563.00,4441163.00,0.00,13.33,34699.00,12105.00,813.25,74.44,0.00,530895.00,0.00,0.00,356002706.00,0.00,1800.00,6522499.00,1505239.00,0.00,19172401.00,13012489.00,4250359.00,12754560.00
2018-03-01,0.00,-2.86,-231.20,499.10,4981.00,0.00,0.03,51.54,1.37,0.00,289.10,220.50,59.65,168.30,38.20,22.58,13.60,189394.00,440714.00,4581004.00,0.00,21.91,23084.00,994.30,804.51,67.58,0.00,160876.00,0.00,0.00,334947426.00,0.00,1995.00,3877517.00,125859.00,0.00,20177870.00,14260457.00,4108343.00,11603166.00
2018-04-01,0.00,-15.88,-74.34,674.50,4256.00,0.00,0.03,0.44,87.85,0.00,285.50,180.80,64.15,145.80,35.60,21.45,11.70,60692.00,597302.00,3938985.00,0.00,24.33,257.80,63675.00,809.93,76.89,0.00,932614.00,0.00,0.00,323615571.00,0.00,2818.00,53574.00,7687810.00,0.00,24153392.00,12894239.00,5039899.00,11491482.00
2018-05-01,0.00,-21.29,-78.55,715.90,4726.00,0.00,0.04,0.44,74.08,0.00,228.70,218.30,56.36,136.90,27.00,16.14,8.80,64768.00,633149.00,4369684.00,0.00,29.45,256.90,53839.00,824.22,79.42,0.00,1256990.00,0.00,0.00,368463266.00,0.00,3453.00,62733.00,7585840.00,0.00,20236357.00,15695354.00,4081659.00,9712021.00
2018-06-01,0.00,-39.55,-123.30,755.50,4931.00,0.00,0.67,50.77,64.19,0.00,447.10,243.00,47.33,110.50,20.70,12.98,6.30,99195.00,666262.00,4542939.00,0.00,474.70,23090.00,46874.00,798.56,105.92,0.00,2491723.00,0.00,0.00,454837495.00,0.00,88540.00,5339739.00,8684592.00,0.00,48534085.00,21054093.00,3824492.00,8685014.00
2018-07-01,0.00,-7.79,-50.32,711.40,5068.00,0.00,0.06,107.80,30.29,0.00,284.10,322.50,59.02,150.20,24.70,13.49,4.00,39836.00,637354.00,4666872.00,0.00,39.52,48248.00,21940.00,799.16,78.02,0.00,448889.00,0.00,0.00,386708358.00,0.00,3912.00,10174293.00,3662726.00,0.00,25741535.00,22707677.00,3729016.00,9260953.00
2018-08-01,0.00,-20.05,-20.47,930.80,4476.00,0.00,0.79,148.90,49.46,0.00,339.60,357.40,66.78,178.90,25.30,13.79,5.10,15504.00,831152.00,4116258.00,0.00,554.90,66935.00,35821.00,773.68,97.17,0.00,1304881.00,0.00,0.00,425403917.00,0.00,134580.00,17407422.00,7141997.00,0.00,39584845.00,31725036.00,5098927.00,13286182.00
2018-09-01,0.00,-70.79,-70.83,685.90,4342.00,0.00,0.23,161.40,30.16,0.00,167.70,272.90,74.46,203.20,31.50,15.63,7.60,57220.00,599906.00,4009395.00,0.00,165.50,72469.00,22283.00,801.71,96.69,0.00,4473712.00,0.00,0.00,405932736.00,0.00,33599.00,18106906.00,4533060.00,0.00,20041259.00,24822111.00,5871373.00,15166245.00
2018-10-01,0.00,-50.60,-112.60,491.70,4686.00,0.00,0.08,21.77,28.47,0.00,124.70,279.30,108.40,202.20,26.80,17.80,10.50,93114.00,424393.00,4314087.00,0.00,53.95,9772.00,20623.00,809.05,90.10,0.00,3157007.00,0.00,0.00,406405887.00,0.00,7422.00,2303452.00,3734421.00,0.00,12881243.00,23351821.00,9450847.00,17007129.00
2018-11-01,0.00,-44.99,-198.80,236.50,4764.00,0.00,0.11,91.98,19.72,0.00,103.50,334.40,119.40,235.70,36.60,21.49,11.60,159407.00,200329.00,4377463.00,0.00,80.35,41232.00,14287.00,790.24,88.13,0.00,2910731.00,0.00,0.00,409557753.00,0.00,18727.00,9404980.00,2460277.00,0.00,10647150.00,27624846.00,9920323.00,19460736.00
2018-12-01,0.00,-55.50,-114.30,496.90,4855.00,0.00,0.03,84.98,16.60,0.00,133.60,309.20,143.90,270.10,33.40,23.09,14.90,92479.00,435197.00,4485906.00,0.00,22.10,38100.00,12109.00,794.54,86.59,0.00,3417642.00,0.00,0.00,410539082.00,0.00,4695.00,9297130.00,2009581.00,0.00,14298333.00,24520870.00,13271589.00,25455932.00
2019-01-01,0.00,-93.38,-96.47,540.80,5735.00,0.00,0.44,51.34,77.13,0.00,118.20,282.00,133.20,264.90,39.70,25.49,17.90,80211.00,460151.00,5290331.00,0.00,308.20,24209.00,56322.00,820.05,128.38,0.00,6598251.00,0.00,0.00,707015092.00,0.00,136038.00,9158851.00,19082928.00,0.00,31313312.00,30241575.00,20101197.00,41524202.00
2019-02-01,0.00,-57.73,-94.19,357.50,4693.00,0.00,0.02,121.20,22.50,0.00,54.80,339.60,126.70,231.00,35.70,23.51,16.00,76188.00,309319.00,4332431.00,0.00,15.77,54348.00,16297.00,800.12,92.39,0.00,3837914.00,0.00,0.00,423562581.00,0.00,2079.00,12088580.00,3415215.00,0.00,6107265.00,28764055.00,11829796.00,22073220.00
2019-03-01,0.00,-35.32,-97.02,512.40,4883.00,0.00,0.03,105.20,20.45,0.00,80.85,330.00,112.30,214.80,35.50,22.84,12.20,79036.00,442145.00,4501404.00,0.00,20.06,47127.00,15082.00,804.14,89.53,0.00,2166529.00,0.00,0.00,435795915.00,0.00,2561.00,9962838.00,2308239.00,0.00,8842654.00,27287580.00,10283376.00,19581362.00
2019-04-01,0.00,-29.88,-155.50,524.50,4483.00,0.00,0.01,0.14,6.16,0.00,91.93,309.50,99.45,200.30,32.50,20.41,10.70,127689.00,434413.00,4128459.00,0.00,5.70,84.48,4592.00,802.93,80.10,0.00,1772267.00,0.00,0.00,355175343.00,0.00,641.40,11844.00,700673.00,0.00,9820210.00,22859504.00,7699487.00,15199090.00
2019-05-01,0.00,-25.88,-143.10,446.00,4946.00,0.00,0.21,1.51,26.13,0.00,217.60,369.70,84.03,174.60,27.10,17.70,7.60,114552.00,368506.00,4549981.00,0.00,147.10,884.90,18924.00,791.22,81.14,0.00,1540793.00,0.00,0.00,396826730.00,0.00,21246.00,122572.00,3070741.00,0.00,21360155.00,28004494.00,5974519.00,12228129.00
2019-06-01,0.00,-33.10,-89.37,530.10,5081.00,0.00,0.91,77.91,45.21,0.00,274.00,296.00,78.20,137.60,23.70,14.23,6.20,71554.00,452290.00,4695096.00,0.00,639.60,35218.00,32745.00,804.01,95.47,0.00,2034617.00,0.00,0.00,466442937.00,0.00,192079.00,8021916.00,7484504.00,0.00,34202186.00,25136766.00,6034712.00,9991068.00
2019-07-01,0.00,-59.50,-121.80,429.30,5296.00,0.00,0.07,174.30,31.03,0.00,163.10,442.80,90.22,185.50,23.70,14.56,6.30,95653.00,347382.00,4887024.00,0.00,51.32,78043.00,22473.00,790.12,73.93,0.00,3266086.00,0.00,0.00,385705173.00,0.00,4898.00,13872699.00,3487225.00,0.00,16090524.00,30768100.00,5140790.00,10213724.00
2019-08-01,0.00,-71.68,-154.20,633.30,4902.00,0.00,0.40,251.80,41.57,0.00,200.20,421.40,118.00,241.30,25.20,14.39,6.00,118674.00,512677.00,4534677.00,0.00,282.80,113435.00,30126.00,770.42,88.23,0.00,3851465.00,0.00,0.00,420861228.00,0.00,44390.00,24058166.00,6852906.00,0.00,26319796.00,31817591.00,7155949.00,13524908.00
2019-09-01,0.00,-48.55,-172.60,736.00,3936.00,0.00,0.58,203.20,98.57,0.00,202.80,391.10,133.00,270.20,28.50,16.98,8.00,129366.00,603658.00,3660812.00,0.00,413.00,91727.00,71587.00,747.58,99.17,0.00,2787516.00,0.00,0.00,385085930.00,0.00,134889.00,22578152.00,14995940.00,0.00,27777315.00,34045270.00,10301304.00,19704453.00
2019-10-01,0.00,-49.98,-146.90,684.30,3794.00,0.00,0.99,238.90,180.10,0.00,250.30,331.10,156.00,322.80,36.70,19.51,10.40,108301.00,566811.00,3520977.00,0.00,696.10,107700.00,130416.00,732.14,103.92,0.00,3413820.00,0.00,0.00,381400393.00,0.00,179763.00,25202039.00,21803408.00,0.00,29916664.00,30802188.00,13726153.00,27830688.00
2019-11-01,0.00,-31.45,-77.51,446.70,4123.00,0.00,0.26,134.70,56.90,0.00,143.60,431.90,179.60,344.30,36.20,21.79,11.50,59992.00,368558.00,3820637.00,0.00,186.60,60326.00,41207.00,735.56,70.99,0.00,1819379.00,0.00,0.00,290323532.00,0.00,25494.00,10409914.00,5239471.00,0.00,11849847.00,29122949.00,11379592.00,21184268.00
2019-12-01,0.00,-11.13,-189.10,351.80,4860.00,0.00,0.02,15.00,16.84,0.00,101.30,405.40,205.70,364.40,39.80,23.28,14.00,152387.00,304224.00,4490802.00,0.00,12.10,6729.00,12199.00,761.67,53.19,0.00,453356.00,0.00,0.00,254973471.00,0.00,1027.00,939988.00,996075.00,0.00,6318306.00,20516829.00,10465600.00,18669633.00
2020-01-01,0.00,-30.04,-118.20,456.30,5007.00,0.00,0.78,96.03,46.93,0.00,231.70,346.60,183.60,320.80,41.20,24.78,17.20,94273.00,397436.00,4625286.00,0.00,549.00,43579.00,34836.00,765.48,204.57,0.00,1627290.00,0.00,0.00,806220606.00,0.00,2262955.00,37544826.00,58189611.00,0.00,85676620.00,35645606.00,36242011.00,64464763.00
2020-02-01,0.00,-39.66,-76.22,467.70,4372.00,0.00,0.22,79.79,27.58,0.00,227.00,377.60,165.80,278.40,36.40,23.74,17.70,59278.00,415393.00,4038740.00,0.00,155.20,35907.00,20026.00,756.94,61.38,0.00,1965044.00,0.00,0.00,302178675.00,0.00,235191.00,8811152.00,7443831.00,0.00,30976879.00,21901365.00,12531518.00,16692963.00
2020-03-01,0.00,-12.74,-82.32,659.00,4169.00,0.00,0.00,64.14,7.99,0.00,202.30,360.70,165.00,300.30,38.00,21.42,13.00,63938.00,552012.00,3850874.00,0.00,0.00,28789.00,5957.00,749.77,47.17,0.00,481298.00,0.00,0.00,195790518.00,0.00,0.00,3447214.00,559139.00,0.00,10679636.00,15926209.00,7264358.00,13304451.00
2020-04-01,0.00,-23.61,-58.90,600.00,3867.00,0.00,0.00,58.05,0.86,0.00,130.90,362.80,127.10,259.50,28.40,19.92,11.20,45173.00,506844.00,3572132.00,0.00,0.00,26067.00,637.40,762.72,41.51,0.00,499949.00,0.00,0.00,162387844.00,0.00,0.00,3067153.00,53913.00,0.00,7362369.00,13496344.00,4155326.00,8207063.00
2020-05-01,0.00,-21.78,-25.08,696.70,4570.00,0.00,0.00,75.95,5.32,0.00,55.33,380.80,127.60,233.60,28.00,15.88,8.00,20514.00,571201.00,4211458.00,0.00,0.11,34223.00,3963.00,787.14,43.54,0.00,667478.00,0.00,0.00,198690536.00,0.00,9.65,4350133.00,378527.00,0.00,3053587.00,14643040.00,4665380.00,7934707.00
2020-06-01,0.00,-23.51,-68.61,665.30,4897.00,0.00,0.04,94.33,9.28,0.00,180.50,322.70,98.72,201.30,22.60,14.16,7.10,54524.00,555533.00,4507985.00,0.00,26.55,42643.00,7258.00,793.30,50.60,0.00,915815.00,0.00,0.00,273390050.00,0.00,1437.00,9586812.00,1790715.00,0.00,16991127.00,15136571.00,4086568.00,8018456.00
2020-07-01,0.00,-14.81,-171.70,449.00,5503.00,0.00,0.00,110.80,7.37,0.00,160.60,347.00,130.50,213.00,22.90,13.86,7.00,138834.00,352388.00,5065870.00,0.00,3.31,50011.00,5711.00,792.18,50.11,0.00,515834.00,0.00,0.00,276417279.00,0.00,218.20,7136297.00,481379.00,0.00,11456551.00,15284991.00,5256055.00,8397604.00
2020-08-01,0.00,-17.29,-154.10,691.40,4750.00,0.00,0.03,94.67,1.16,0.00,282.60,476.30,146.40,299.70,24.70,14.30,6.20,115977.00,548493.00,4363841.00,0.00,21.29,42738.00,870.70,736.58,52.57,0.00,567360.00,0.00,0.00,277615401.00,0.00,877.40,9502488.00,53474.00,0.00,28325513.00,24650707.00,5645659.00,11331761.00
2020-09-01,0.00,-21.24,-30.63,564.00,3933.00,0.00,0.00,18.49,4.34,0.00,172.30,449.60,205.10,350.70,31.70,17.87,8.80,22686.00,464813.00,3622953.00,0.00,0.10,8361.00,3203.00,722.08,42.31,0.00,612264.00,0.00,0.00,167068787.00,0.00,4.88,1193217.00,295931.00,0.00,9260000.00,17239511.00,6797667.00,11493465.00
2020-10-01,0.00,-17.00,-41.91,692.20,3733.00,0.00,0.06,99.53,22.47,0.00,150.50,371.00,235.80,398.50,33.70,19.73,11.60,31725.00,551648.00,3433583.00,0.00,42.26,44918.00,16392.00,711.33,60.12,0.00,587806.00,0.00,0.00,198811084.00,0.00,3343.00,7000412.00,1589467.00,0.00,11211319.00,18025899.00,10365635.00,23677412.00
2020-11-01,0.00,-21.24,-64.14,456.70,4012.00,0.00,0.00,67.59,14.39,0.00,253.60,333.40,274.10,472.00,40.80,21.44,12.40,48413.00,366211.00,3698450.00,0.00,0.76,30473.00,10724.00,699.75,68.58,0.00,874348.00,0.00,0.00,253323684.00,0.00,96.93,6385306.00,2512284.00,0.00,26106030.00,18825625.00,19993935.00,22038221.00
2020-12-01,0.00,-38.05,-50.18,571.50,3844.00,0.00,0.22,37.22,31.18,0.00,301.40,431.30,305.50,435.90,30.80,21.16,14.40,35753.00,486363.00,3536384.00,0.00,155.30,17000.00,23344.00,686.12,83.86,0.00,1441394.00,0.00,0.00,262495711.00,0.00,21400.00,6982741.00,4528924.00,0.00,43735172.00,20340774.00,22475249.00,42624041.00
2021-01-01,0.00,-8.73,-44.04,578.20,4136.00,0.00,0.00,63.60,2.21,0.00,253.40,407.20,304.80,479.70,37.10,22.66,15.20,32303.00,481155.00,3803349.00,0.00,0.64,28563.00,1641.00,693.81,40.50,0.00,247360.00,0.00,0.00,164352583.00,0.00,54.26,3486355.00,90888.00,0.00,12844664.00,15387054.00,11590912.00,18760998.00
2021-02-01,0.00,-7.15,-66.14,489.10,3774.00,0.00,0.00,0.10,2.68,0.00,210.20,381.00,286.70,399.30,33.00,21.99,16.50,49570.00,432222.00,3471919.00,0.00,0.07,58.06,2099.00,705.10,35.45,0.00,222919.00,0.00,0.00,135098835.00,0.00,4.53,3471.00,88156.00,0.00,7869704.00,13345405.00,9813429.00,13582195.00
2021-03-01,0.00,-19.62,-48.10,592.40,4005.00,0.00,0.00,12.38,21.44,0.00,202.20,470.40,279.20,375.80,30.60,20.84,12.20,36271.00,511750.00,3692443.00,0.00,0.10,5603.00,15535.00,711.08,39.70,0.00,606630.00,0.00,0.00,159851633.00,0.00,6.36,510922.00,1410706.00,0.00,8750944.00,18748644.00,9310667.00,11970529.00
2021-04-01,0.00,-29.28,-59.77,556.40,3909.00,0.00,0.00,30.56,17.93,0.00,170.30,340.00,276.20,382.30,28.60,18.15,9.30,44492.00,451322.00,3605990.00,0.00,0.00,14194.00,13030.00,722.26,59.69,0.00,939374.00,0.00,0.00,224030450.00,0.00,0.00,3222257.00,2051042.00,0.00,13798041.00,15966043.00,9955696.00,12003210.00
2021-05-01,0.00,-22.78,-83.06,494.50,4511.00,0.00,0.02,25.99,37.40,0.00,323.50,363.70,236.00,285.30,25.90,15.66,7.80,59925.00,400082.00,4152895.00,0.00,15.67,12054.00,27705.00,734.47,134.98,0.00,991614.00,0.00,0.00,522632232.00,0.00,914.60,5527738.00,9580199.00,0.00,83601977.00,30091260.00,13111145.00,13146135.00
2021-06-01,0.00,-55.31,-84.23,491.80,4909.00,0.00,0.39,144.40,72.03,0.00,327.70,452.00,145.00,241.60,21.50,12.95,5.90,63142.00,383551.00,4513788.00,0.00,278.70,65903.00,53648.00,745.60,182.19,0.00,2963036.00,0.00,0.00,537553057.00,0.00,156912.00,20943474.00,17880243.00,0.00,55365727.00,43745110.00,11026605.00,17262676.00
2021-07-01,0.00,-101.00,-49.75,620.50,4953.00,0.00,0.56,102.60,111.40,0.00,201.00,568.50,169.10,292.60,25.00,12.77,5.20,36138.00,484161.00,4578458.00,0.00,396.30,46601.00,81606.00,750.54,136.22,0.00,5429121.00,0.00,0.00,636495224.00,0.00,112694.00,19919326.00,29834945.00,0.00,59095744.00,56103861.00,14146390.00,22698616.00
2021-08-01,0.00,-19.33,-63.36,559.60,4447.00,0.00,0.04,27.58,31.33,0.00,126.60,512.10,261.10,394.70,25.40,14.39,7.90,44712.00,430358.00,4103782.00,0.00,31.33,12671.00,22714.00,720.82,64.58,0.00,293655.00,0.00,0.00,288788250.00,0.00,3495.00,2871251.00,3535711.00,0.00,12013250.00,28562044.00,9139375.00,11905036.00
2021-09-01,0.00,-30.15,-52.26,468.30,3711.00,0.00,0.00,75.90,17.35,0.00,140.30,500.10,326.70,485.90,30.00,16.24,7.30,33366.00,355440.00,3423416.00,0.00,0.00,34124.00,12609.00,672.01,52.14,0.00,-175263.00,0.00,0.00,197087903.00,0.00,0.00,5961306.00,1763466.00,0.00,9665035.00,22557840.00,8023310.00,9867682.00
2021-10-01,0.00,-36.67,-50.49,468.60,3540.00,0.00,0.00,56.58,1.28,0.02,246.40,474.80,367.00,573.90,32.60,18.23,10.30,34013.00,377819.00,3272704.00,0.00,0.00,25503.00,953.10,645.75,60.03,0.00,-369197.00,0.00,0.00,221535416.00,0.00,0.00,4802994.00,157088.00,932.20,18600223.00,25215666.00,13390443.00,16495724.00
2021-11-01,-0.09,-14.14,-57.65,460.90,3681.00,0.00,0.03,52.63,7.57,0.09,182.30,488.00,260.10,469.00,29.70,18.75,12.90,40987.00,354266.00,3399181.00,0.00,23.55,23608.00,5625.00,676.65,66.02,5774.00,365636.00,0.00,0.00,260672685.00,0.00,2145.00,3963682.00,446927.00,5533.00,13141822.00,36090179.00,20097943.00,23712420.00
2021-12-01,-0.91,-13.68,-120.60,485.90,3733.00,0.00,0.10,81.41,9.96,0.74,246.00,377.60,577.20,621.20,34.20,20.97,14.00,82575.00,392142.00,3451419.00,0.00,74.02,36500.00,7275.00,634.36,70.32,43964.00,225354.00,0.00,0.00,264467116.00,0.00,15626.00,7220383.00,1047744.00,54466.00,20237026.00,24818297.00,31729034.00,32754577.00
2022-01-01,-1.50,-8.61,-275.40,332.30,4233.00,0.00,0.01,182.50,4.79,1.16,269.00,459.80,535.00,580.80,30.20,23.45,17.40,193230.00,281983.00,3914685.00,0.00,6.18,81841.00,3491.00,647.69,79.13,108645.00,378893.00,0.00,0.00,336052204.00,0.00,612.10,15634849.00,751793.00,115492.00,23452345.00,32669205.00,38514350.00,43023899.00
2022-02-01,-2.00,-30.71,-204.40,279.20,3674.00,0.00,0.19,159.60,19.09,1.67,252.10,470.40,496.70,495.70,31.70,22.13,15.80,137786.00,223629.00,3378771.00,0.00,133.70,71589.00,14214.00,632.72,85.56,145028.00,1257771.00,0.00,0.00,303475527.00,0.00,12047.00,14687458.00,2189926.00,182284.00,24400946.00,35828339.00,35424291.00,35611398.00
2022-03-01,-2.27,-12.40,-63.47,460.30,3706.00,0.00,0.00,250.10,30.63,1.86,215.20,471.50,468.80,420.40,28.50,21.00,15.20,40188.00,382223.00,3421412.00,0.00,0.00,111989.00,23721.00,655.69,102.24,195688.00,930320.00,0.00,0.00,379194576.00,0.00,0.00,25855832.00,3596726.00,247366.00,23972764.00,46435721.00,42098983.00,36371602.00
2022-04-01,-3.36,-47.90,-68.66,419.40,3649.00,0.00,0.02,131.00,46.63,2.92,187.60,461.20,359.30,385.50,29.70,18.91,13.30,45768.00,333906.00,3371155.00,0.00,22.16,60840.00,35773.00,680.09,192.85,455344.00,4391539.00,0.00,0.00,700561663.00,0.00,4560.00,26026453.00,12574453.00,707708.00,48690642.00,83172066.00,49542616.00,51033017.00
2022-05-01,-3.06,-117.70,-47.33,497.80,3903.00,0.00,0.81,253.30,110.80,2.59,449.60,516.90,302.70,309.10,26.30,15.93,8.40,29220.00,389913.00,3588727.00,0.00,767.70,114241.00,85591.00,671.69,333.64,895831.00,27868039.00,0.00,0.00,1317398040.00,0.00,509113.00,90690347.00,57786934.00,1824936.00,216750422.00,159011591.00,70040872.00,66277785.00
2022-06-01,-3.25,-112.00,-15.64,905.20,3950.00,0.00,0.96,274.20,255.40,2.73,430.70,566.30,233.70,324.10,21.40,12.59,6.20,10151.00,661168.00,3623908.00,0.00,774.00,125537.00,191784.00,674.21,411.60,1144704.00,31574802.00,0.00,0.00,1640621616.00,0.00,515783.00,114985434.00,108881809.00,1848628.00,222048281.00,222004340.00,71580281.00,97716331.00
2022-07-01,-4.21,-93.69,-89.96,654.40,4595.00,0.00,0.62,161.50,161.30,3.57,388.00,616.60,310.80,318.30,21.20,12.63,5.00,58554.00,467412.00,4203866.00,0.00,440.80,72664.00,124954.00,685.08,384.22,1218268.00,21061631.00,0.00,0.00,1729650627.00,0.00,312889.00,71857304.00,80010668.00,1689375.00,181698775.00,205556066.00,86653218.00,77625838.00
2022-08-01,-2.11,-49.83,-69.16,589.10,4467.00,0.00,0.04,109.70,9.68,1.70,214.40,607.70,338.60,417.30,24.40,14.28,7.10,45996.00,405735.00,4111663.00,0.00,30.36,49524.00,7091.00,682.54,155.46,195334.00,3417712.00,0.00,0.00,707909811.00,0.00,7295.00,20893309.00,2600728.00,392333.00,41979477.00,80524418.00,33651665.00,35818730.00
2022-09-01,-1.94,-72.40,-71.23,560.40,3862.00,0.00,0.01,103.40,9.79,1.52,228.70,479.60,376.90,497.30,24.20,15.64,8.50,45416.00,398223.00,3565508.00,0.00,8.90,46553.00,7205.00,664.89,161.15,142561.00,2344571.00,0.00,0.00,636346648.00,0.00,902.30,20419817.00,2240603.00,348566.00,46878465.00,69791659.00,33226573.00,35476901.00
2022-10-01,-1.89,-32.54,-114.90,533.70,3641.00,0.00,0.03,98.39,13.31,1.51,252.80,520.30,399.90,552.10,28.30,17.94,10.00,75621.00,387687.00,3348079.00,0.00,27.98,44173.00,10022.00,633.45,157.79,172034.00,2182609.00,0.00,0.00,571818619.00,0.00,7242.00,18279441.00,2787832.00,299224.00,44326225.00,75944409.00,38797469.00,54088686.00
2022-11-01,-2.40,-43.64,-173.00,374.50,3272.00,0.00,0.05,48.22,6.57,1.95,340.60,475.80,523.20,781.50,27.90,18.87,10.00,106905.00,254063.00,3017540.00,0.00,53.82,21695.00,5056.00,569.37,118.48,160682.00,1407844.00,0.00,0.00,401115593.00,0.00,6946.00,6063664.00,1064301.00,294104.00,49995195.00,51063068.00,35460613.00,46453107.00
2022-12-01,-1.61,-68.21,-140.90,573.80,3248.00,0.00,0.03,28.97,3.54,1.23,302.90,468.00,653.70,795.50,29.50,20.07,12.70,84337.00,424946.00,2995228.00,0.00,23.87,12990.00,2764.00,571.47,86.76,55726.00,-141235.00,0.00,0.00,295003124.00,0.00,11257.00,3318364.00,157483.00,143675.00,33230009.00,40423902.00,25763809.00,24718067.00
2023-01-01,-1.59,-32.83,-109.90,530.40,3615.00,0.00,0.06,52.83,14.74,1.17,348.90,451.10,631.90,724.60,30.10,22.18,15.10,67480.00,398538.00,3333938.00,0.00,56.75,23852.00,11055.00,594.24,98.20,136319.00,1230496.00,0.00,0.00,366267301.00,0.00,19194.00,6324399.00,2044113.00,158309.00,41152208.00,43026303.00,46512525.00,54113298.00
2023-02-01,-1.49,-31.02,-124.50,475.90,3627.00,0.00,0.22,2.52,13.23,1.14,162.70,459.50,608.60,696.30,30.30,22.92,17.10,75735.00,346902.00,3342386.00,0.00,166.10,1199.00,9991.00,615.42,93.89,98908.00,707731.00,0.00,0.00,351291276.00,0.00,60353.00,414323.00,2565431.00,142017.00,19480705.00,40353245.00,42614727.00,47606699.00
2023-03-01,-2.17,-35.16,-93.27,509.10,3810.00,0.00,0.20,218.40,22.42,1.62,263.80,489.60,518.20,631.00,37.60,22.61,14.40,60401.00,375929.00,3511566.00,0.00,168.20,98104.00,17093.00,622.45,127.93,176457.00,1528759.00,0.00,0.00,489846870.00,0.00,554844.00,29333119.00,18726129.00,550344.00,61902331.00,55305686.00,43557352.00,41831462.00
2023-04-01,-2.89,-65.17,-73.61,582.40,3365.00,0.00,0.05,161.60,23.86,2.41,206.80,426.40,414.30,502.10,27.30,18.11,10.90,49674.00,421349.00,3102326.00,0.00,42.77,73041.00,17686.00,643.08,116.71,188134.00,1977082.00,0.00,0.00,409691040.00,0.00,20634.00,22595163.00,5986712.00,497163.00,38111799.00,40790279.00,27958000.00,27930558.00
2023-05-01,-3.31,-66.52,-71.65,731.10,4011.00,0.00,0.62,150.50,73.74,2.74,371.30,462.10,347.60,481.80,23.50,14.39,6.80,47592.00,521747.00,3652209.00,0.00,529.30,68650.00,54482.00,654.75,211.33,381190.00,5457362.00,0.00,0.00,841072100.00,0.00,581274.00,33431917.00,37355832.00,1072520.00,125713423.00,84274598.00,36839962.00,46494654.00
2023-06-01,-2.47,-44.52,-83.61,704.40,4299.00,0.00,0.49,109.10,14.21,1.99,352.50,567.30,294.40,376.70,21.70,13.60,5.30,57857.00,484449.00,3914512.00,0.00,386.10,49510.00,10366.00,667.94,112.67,166381.00,2065012.00,0.00,0.00,496204697.00,0.00,229224.00,16042364.00,4347656.00,443989.00,57184289.00,52457935.00,17658001.00,21420929.00
2023-07-01,-3.38,-39.55,-51.02,811.50,4115.00,0.00,0.01,102.60,34.49,2.79,324.80,521.40,367.70,444.00,25.10,13.89,5.20,34118.00,556654.00,3746701.00,0.02,5.65,46583.00,25076.00,654.70,90.49,153836.00,841051.00,0.00,0.00,395452191.00,94.24,285.80,13294058.00,5672700.00,422959.00,38637629.00,38237537.00,14762592.00,14295194.00
2023-08-01,-4.80,-53.83,-33.12,873.50,3647.00,20.32,0.40,102.00,64.12,3.97,326.30,413.70,494.20,540.80,27.10,14.55,7.70,19395.00,635766.00,3320146.00,365.80,282.40,46430.00,46567.00,630.25,102.47,253990.00,1222180.00,0.00,0.00,382659337.00,1815750.00,218069.00,15814932.00,15333127.00,852779.00,54445418.00,33822736.00,19680767.00,16238983.00
2023-09-01,-7.48,-65.25,-63.91,688.90,3155.00,17.35,0.00,22.18,18.89,6.15,171.00,455.00,651.70,732.50,34.40,17.33,7.40,29606.00,480738.00,2871812.00,312.20,0.00,10182.00,13723.00,578.89,72.92,190400.00,305240.00,0.00,0.00,251701148.00,1121659.00,0.00,2594850.00,3681160.00,796420.00,20286462.00,28710311.00,13509149.00,5731344.00
2023-10-01,-8.02,-57.98,-119.70,595.30,3136.00,18.43,0.15,8.47,11.03,6.19,231.50,563.40,578.50,879.80,35.60,18.90,9.90,67033.00,401889.00,2854917.00,331.70,108.40,3843.00,8137.00,548.03,47.67,-37609.00,-1403520.00,0.00,0.00,172177196.00,744724.00,1389.00,710460.00,1314787.00,586727.00,15986083.00,23134670.00,6108017.00,-429834.00
2023-11-01,-9.79,-31.14,-114.30,570.00,3044.00,10.06,1.22,48.26,78.63,7.85,330.00,442.80,682.00,765.80,31.60,20.28,13.70,63447.00,401384.00,2771165.00,181.00,882.80,21989.00,57646.00,547.57,93.53,488152.00,437395.00,0.00,0.00,281804670.00,1077768.00,264338.00,7324451.00,15992207.00,1763206.00,45417231.00,36720892.00,41628946.00,37891083.00
2023-12-01,-10.29,-17.02,-229.60,451.00,3719.00,16.51,0.10,56.66,30.17,8.20,260.10,501.30,778.60,899.50,38.90,22.81,15.80,142754.00,304348.00,3386748.00,297.20,83.08,25491.00,22338.00,556.38,75.59,440868.00,133.70,0.00,0.00,290960741.00,1256684.00,22647.00,6210860.00,4289877.00,1060397.00,29462218.00,32459721.00,39207730.00,39037674.00
2024-01-01,-11.43,-36.69,-253.30,390.30,4050.00,15.33,0.26,6.60,35.25,9.35,201.90,575.10,775.30,806.20,38.40,23.80,18.00,163347.00,295030.00,3687580.00,276.00,230.80,3048.00,24623.00,586.13,92.54,576416.00,1370298.00,0.00,0.00,364430014.00,1466756.00,169779.00,4601785.00,9932692.00,1867097.00,45438521.00,45802034.00,49731823.00,44201634.00
2024-02-01,-12.50,-41.64,-192.70,377.80,3895.00,13.75,0.47,23.86,52.89,10.35,213.70,500.20,724.70,734.00,36.60,23.29,15.90,121616.00,285601.00,3546524.00,247.50,351.20,11149.00,37669.00,596.83,137.82,904631.00,1632710.00,0.00,0.00,499685572.00,1841506.00,888095.00,11834700.00,25955248.00,3198094.00,78953142.00,45239981.00,63763228.00,71903485.00
2024-03-01,-13.34,-48.98,-168.70,386.40,3881.00,14.26,0.07,3.80,90.02,10.98,186.70,490.40,670.10,753.20,31.60,22.08,13.70,103604.00,281197.00,3533804.00,256.60,46.25,1790.00,53462.00,602.14,74.54,600524.00,1642309.00,0.00,0.00,300926708.00,1032805.00,2946.00,458658.00,7679175.00,1302097.00,18842235.00,35071900.00,32168678.00,34166780.00