date,Battery (Charging) -  MW,Pumps -  MW,Exports -  MW,Imports -  MW,Coal (Black) -  MW,Bioenergy (Biogas) -  MW,Distillate -  MW,Gas (CCGT) -  MW,Gas (OCGT) -  MW,Battery (Discharging) -  MW,Hydro -  MW,Wind -  MW,Solar (Utility) -  MW,Solar (Rooftop) -  MW,Temperature - C,Exports Emissions Vol - tCO₂e,Imports Emissions Vol - tCO₂e,Coal (Black) Emissions Vol - tCO₂e,Bioenergy (Biogas) Emissions Vol - tCO₂e,Distillate Emissions Vol - tCO₂e,Gas (CCGT) Emissions Vol - tCO₂e,Gas (OCGT) Emissions Vol - tCO₂e,Emissions Intensity - kgCO₂e/MWh,Price - AUD/MWh
2024-04-05 00:00,-1.69,0.00,-385.60,667.10,4996.67,32.04,0.00,0.21,27.42,1.62,78.48,1810.67,0.00,0.00,19.10,63.46,146.96,1137.70,0.14,0.00,0.03,5.36,678.98,56.99
2024-04-05 00:30,-1.24,-36.89,-393.77,667.43,4863.33,32.00,0.00,0.21,27.42,2.22,70.60,1802.33,0.00,0.00,19.08,128.26,292.23,2215.00,0.29,0.00,0.06,10.73,679.60,56.99
2024-04-05 01:00,-5.07,-43.60,-417.00,671.12,4703.67,33.29,0.00,0.21,27.42,1.24,38.62,1844.83,0.00,0.00,18.89,134.20,294.30,2142.10,0.30,0.00,0.06,10.73,674.95,56.77
2024-04-05 01:30,-2.26,-43.55,-318.95,694.72,4360.83,35.11,0.00,0.21,27.42,1.28,33.76,1844.00,0.00,0.00,18.45,100.32,299.60,1985.80,0.32,0.00,0.06,10.73,662.24,55.45
2024-04-05 02:00,-3.61,-43.54,-304.33,669.47,4309.00,36.34,0.00,0.22,27.42,1.52,33.71,1796.50,0.00,0.00,18.10,96.14,285.10,1962.40,0.33,0.00,0.06,10.73,663.06,56.99
2024-04-05 02:30,-25.83,-43.57,-309.58,661.78,4143.17,36.26,0.00,0.21,27.42,0.02,33.77,1895.17,0.00,0.00,18.38,95.07,282.21,1886.50,0.33,0.00,0.06,10.73,649.58,55.50
2024-04-05 03:00,-17.31,-43.49,-349.58,689.63,4018.83,37.01,0.00,0.21,27.42,0.28,33.80,1949.67,0.00,0.00,18.89,105.28,292.78,1829.70,0.33,0.00,0.06,10.73,639.20,55.90
2024-04-05 03:30,-5.21,-43.45,-340.73,682.22,4027.50,37.01,0.00,0.22,27.42,0.98,33.62,1929.00,0.00,0.00,18.92,103.06,290.74,1833.60,0.33,0.00,0.06,10.73,640.27,46.38
2024-04-05 04:00,-3.60,-43.52,-322.05,672.42,4033.17,35.43,0.00,0.21,27.42,0.17,33.72,1975.17,0.00,0.00,18.90,96.75,292.01,1836.10,0.32,0.00,0.06,10.73,637.42,55.69
2024-04-05 04:30,-4.90,-43.46,-269.68,679.70,4126.50,15.14,0.00,0.21,27.42,1.95,33.70,2048.67,0.00,0.00,18.88,80.88,295.41,1878.70,0.14,0.00,0.06,10.73,636.15,58.00
2024-04-05 05:00,-4.88,-36.21,-210.82,522.72,4345.17,14.45,0.00,0.20,27.42,1.42,33.74,2099.50,0.00,0.00,18.61,64.00,229.06,1978.30,0.13,0.00,0.06,10.73,634.29,56.99
2024-04-05 05:30,-11.45,0.00,-198.60,258.78,4971.00,15.11,0.00,0.28,27.42,1.03,33.74,2090.00,0.00,0.00,18.18,63.15,112.91,2263.10,0.14,0.00,0.08,10.73,646.64,72.61
2024-04-05 06:00,-5.30,0.00,-138.15,160.65,5391.67,15.18,0.00,0.63,27.42,0.05,33.70,2125.00,0.00,0.09,18.10,44.79,67.27,2454.50,0.14,0.00,0.18,10.73,653.80,78.00
2024-04-05 06:30,-6.75,0.00,-32.07,238.47,5558.00,15.08,0.00,0.39,27.42,5.69,33.67,2149.33,1.91,2.80,18.12,10.43,98.24,2530.20,0.14,0.00,0.11,10.73,657.74,82.52
2024-04-05 07:00,-1.92,0.00,-13.01,204.12,5880.33,14.34,0.00,0.12,27.42,10.93,33.70,2143.67,12.78,25.89,18.30,4.31,81.40,2677.00,0.13,0.00,0.03,10.73,663.19,84.81
2024-04-05 07:30,-1.14,0.00,-26.64,128.39,6082.83,14.42,0.00,0.12,27.42,35.48,33.78,2146.33,59.98,86.52,18.67,8.79,51.14,2769.20,0.13,0.00,0.04,10.73,657.34,88.61
2024-04-05 08:00,-3.42,0.00,-5.79,188.98,5850.83,14.84,0.00,0.10,27.42,27.78,144.28,2163.17,130.57,178.99,19.05,1.87,74.72,2663.70,0.13,0.00,0.03,10.73,630.31,72.41
2024-04-05 08:30,-5.37,0.00,-1.85,241.82,5714.67,14.57,0.00,0.11,27.42,26.51,154.68,2129.33,313.43,301.86,19.28,0.56,100.30,2602.10,0.13,0.00,0.03,10.73,608.43,78.00
2024-04-05 09:00,-8.65,0.00,-85.78,170.86,5943.17,14.57,0.00,0.12,27.42,11.92,125.89,2038.67,396.98,416.92,19.47,26.53,75.04,2705.70,0.13,0.00,0.03,10.73,610.93,88.89
2024-04-05 09:30,-15.98,0.00,-159.88,458.00,5681.50,14.62,0.00,0.42,27.42,7.55,30.14,2021.33,546.87,553.66,19.59,48.84,197.97,2586.90,0.13,0.00,0.12,10.73,599.42,57.10
2024-04-05 10:00,-29.72,0.00,-126.50,708.78,5186.33,14.06,0.00,0.55,27.42,0.34,29.45,2044.00,638.18,705.39,19.68,36.35,292.96,2361.50,0.13,0.00,0.16,10.73,571.66,39.75
2024-04-05 10:30,-8.47,0.00,-37.35,738.50,5105.00,14.11,0.00,0.54,27.42,19.87,26.07,2044.00,540.17,820.47,19.68,11.02,298.89,2324.60,0.13,0.00,0.16,10.73,564.78,81.22
2024-04-05 11:00,-11.55,0.00,-35.30,642.52,5221.67,14.16,0.00,0.48,27.42,7.36,26.25,1999.67,654.98,744.50,19.52,10.52,253.96,2377.30,0.13,0.00,0.14,10.73,566.44,246.90
2024-04-05 11:30,-12.87,0.00,0.00,642.92,5131.50,14.01,0.00,0.14,30.56,9.52,22.21,1975.50,712.52,677.30,19.33,0.00,245.23,2336.30,0.13,0.00,0.04,11.96,563.64,84.03
2024-04-05 12:00,-16.76,0.00,-5.28,612.65,5172.17,14.03,0.00,0.07,31.07,4.16,22.72,1967.83,693.65,644.96,19.13,1.58,245.01,2354.70,0.13,0.00,0.02,12.16,571.13,83.64
2024-04-05 12:30,-29.80,0.00,-75.17,590.77,5207.50,13.48,0.00,0.11,31.85,3.56,128.98,1893.50,652.40,626.57,18.36,21.75,244.38,2370.60,0.12,0.00,0.03,12.46,576.28,97.62
2024-04-05 13:00,-15.86,0.00,-38.80,734.28,5196.83,13.72,0.00,0.26,31.99,24.58,131.70,1827.17,472.70,575.01,18.09,11.91,292.25,2365.50,0.12,0.00,0.08,12.52,593.85,92.36
2024-04-05 13:30,-10.60,0.00,-34.18,665.98,5251.33,13.57,0.00,0.56,31.96,13.12,131.87,1830.50,453.02,529.87,17.83,10.45,263.41,2390.50,0.12,0.00,0.17,12.51,598.46,95.87
2024-04-05 14:00,-24.48,0.00,0.00,770.63,5197.83,13.50,0.00,0.16,32.04,2.64,63.89,1801.00,455.83,493.17,17.58,0.00,294.70,2366.30,0.12,0.00,0.05,12.54,607.23,46.93
2024-04-05 14:30,-4.40,0.00,-12.72,803.35,5364.33,13.77,0.00,0.09,32.21,8.44,11.08,1734.00,407.25,403.55,17.83,4.15,310.91,2442.40,0.12,0.00,0.03,12.61,630.51,58.00
2024-04-05 15:00,-5.59,0.00,-95.10,772.83,5736.17,14.36,0.00,0.12,31.88,16.82,11.03,1682.67,345.45,342.07,17.99,30.53,298.07,2611.50,0.13,0.00,0.04,12.47,653.29,78.00
2024-04-05 15:30,-12.93,0.00,-188.25,772.50,6070.00,14.61,0.00,0.14,31.51,26.62,64.21,1649.17,266.48,275.83,18.84,63.73,303.00,2763.30,0.13,0.00,0.04,12.33,672.27,135.00
2024-04-05 16:00,-23.70,0.00,-180.87,753.43,6165.67,14.54,0.00,0.10,99.64,0.62,133.88,1654.17,176.93,189.76,19.24,62.08,294.23,2806.80,0.13,0.00,0.03,37.01,684.79,78.58
2024-04-05 16:30,-1.11,0.00,-262.82,763.13,6252.00,14.47,0.00,0.09,187.55,8.52,90.73,1712.00,149.73,119.55,19.26,90.54,297.14,2846.40,0.13,0.00,0.03,68.84,691.18,56.80
2024-04-05 17:00,-18.00,0.00,-339.97,715.00,6381.67,14.42,0.00,0.11,189.62,0.10,208.77,1735.33,77.58,68.09,19.63,117.15,280.92,2905.50,0.13,0.00,0.03,69.57,695.03,89.13
2024-04-05 17:30,-0.53,0.00,-329.98,559.88,6360.83,14.35,0.00,0.14,190.07,11.82,357.88,1709.83,38.63,24.18,19.90,112.62,218.41,2896.00,0.13,0.00,0.04,69.74,687.40,88.58
2024-04-05 18:00,-2.82,0.00,-397.78,414.13,6362.00,14.35,0.00,0.14,187.98,1.65,599.48,1682.33,8.26,4.28,20.19,133.01,162.98,2896.50,0.13,0.00,0.04,69.00,675.15,122.80
2024-04-05 18:30,-10.82,0.00,-394.45,347.12,6149.17,14.35,0.00,0.12,129.62,0.00,771.90,1658.17,0.22,0.29,19.90,128.77,138.18,2799.80,0.13,0.00,0.03,47.87,659.44,88.88
2024-04-05 19:00,-2.64,0.00,-375.17,397.13,6040.83,14.13,0.00,0.13,112.72,2.08,734.98,1565.67,0.03,0.00,19.91,123.59,157.88,2750.70,0.13,0.00,0.04,41.78,665.95,76.88
2024-04-05 19:30,-6.14,0.00,-360.53,369.40,6083.67,14.14,0.00,0.13,109.26,9.73,640.78,1517.00,0.03,0.00,19.32,120.83,150.88,2770.40,0.13,0.00,0.04,40.52,678.28,58.02
2024-04-05 20:00,-1.56,0.00,-377.15,436.10,6208.17,14.04,0.00,0.14,34.11,6.81,375.57,1517.33,0.03,0.00,18.37,131.23,180.43,2826.70,0.13,0.00,0.04,13.29,703.56,88.00
2024-04-05 20:30,-1.83,0.00,-371.13,434.35,6066.17,13.81,0.00,0.11,32.22,0.53,308.57,1535.17,0.03,0.00,18.82,129.35,184.07,2761.90,0.12,0.00,0.03,12.61,705.76,88.00
2024-04-05 21:00,-1.70,0.00,-388.42,552.65,5864.67,13.92,0.00,0.14,32.30,3.36,241.07,1536.33,0.03,0.00,19.42,135.41,237.31,2670.20,0.13,0.00,0.04,12.64,709.14,73.71
2024-04-05 21:30,-1.02,0.00,-359.78,635.58,5749.67,14.05,0.00,0.14,32.55,4.69,209.47,1518.17,0.03,0.00,19.72,125.70,282.36,2617.60,0.13,0.00,0.04,12.74,714.33,78.74
2024-04-05 22:00,-6.98,0.00,-332.27,715.23,5668.67,14.22,0.00,0.13,32.82,0.77,167.40,1474.50,0.03,0.00,19.49,117.09,318.84,2580.60,0.13,0.00,0.04,12.84,722.83,79.12
2024-04-05 22:30,-5.10,0.00,-349.85,651.37,5595.83,14.16,0.00,0.13,33.29,0.90,160.67,1537.17,0.03,0.00,19.63,122.01,296.84,2547.70,0.13,0.00,0.04,13.03,716.29,78.00
2024-04-05 23:00,-3.78,0.00,-350.72,631.33,5524.17,14.16,0.00,0.12,33.60,0.53,170.65,1516.83,0.03,0.00,19.48,122.11,289.53,2514.90,0.13,0.00,0.03,13.15,715.31,78.00
2024-04-05 23:30,-1.46,0.00,-326.97,351.23,5529.33,14.07,0.00,0.14,33.82,0.53,175.45,1599.00,0.03,0.00,19.65,112.54,164.23,2517.40,0.13,0.00,0.04,13.23,700.32,78.00
2024-04-06 00:00,-2.13,0.00,-351.17,249.65,5529.50,13.98,0.00,0.14,34.03,0.13,151.82,1605.00,0.03,0.00,19.73,121.16,119.75,2517.70,0.13,0.00,0.04,13.32,699.70,72.75
2024-04-06 00:30,-1.87,0.00,-334.77,279.37,5335.00,13.95,0.00,0.15,33.71,0.17,145.63,1628.17,0.03,0.00,20.03,114.26,134.99,2429.20,0.13,0.00,0.04,13.19,693.93,78.00
2024-04-06 01:00,-4.14,0.00,-325.95,331.83,5158.50,14.28,0.00,0.14,34.06,0.78,100.49,1589.67,0.03,0.00,20.10,111.61,159.27,2348.90,0.13,0.00,0.04,13.33,698.60,78.00
2024-04-06 01:30,-0.62,0.00,-346.53,384.70,4983.67,14.24,0.00,0.15,34.02,2.25,50.76,1557.50,0.03,0.00,20.10,119.07,184.58,2269.10,0.13,0.00,0.04,13.31,703.01,70.34
2024-04-06 02:00,-21.91,0.00,-340.90,483.15,4693.50,14.12,0.00,0.14,33.52,0.62,48.34,1555.33,0.03,0.00,20.08,115.52,232.37,2137.10,0.13,0.00,0.04,13.12,701.28,58.00
2024-04-06 02:30,-2.64,0.00,-335.88,530.20,4619.83,13.99,0.00,0.13,33.58,0.98,11.28,1494.33,0.03,0.00,19.88,115.08,257.63,2103.40,0.13,0.00,0.04,13.14,709.81,88.88
2024-04-06 03:00,-0.86,0.00,-323.13,463.57,4685.17,14.03,0.00,0.14,33.32,1.26,11.15,1367.17,0.03,0.00,19.45,113.43,230.32,2132.80,0.13,0.00,0.04,13.03,723.91,78.00
2024-04-06 03:30,-0.51,0.00,-272.02,445.02,4762.00,14.05,0.00,0.13,33.49,4.58,11.22,1233.83,0.03,0.00,19.80,97.78,223.94,2167.70,0.13,0.00,0.04,13.11,740.43,81.31
2024-04-06 04:00,-0.68,0.00,-245.80,350.82,4937.83,14.12,0.00,0.14,33.64,3.70,11.21,1130.00,0.03,0.00,19.87,90.68,178.43,2247.70,0.13,0.00,0.04,13.16,753.42,88.41
2024-04-06 04:30,-14.77,0.00,-335.83,493.12,4884.33,14.08,0.00,0.14,33.53,0.21,18.07,1235.67,0.03,0.00,19.60,121.42,252.27,2223.30,0.13,0.00,0.04,13.12,748.17,80.07
2024-04-06 05:00,-1.53,0.00,-328.75,517.05,4889.33,14.06,0.00,0.15,33.62,7.37,51.14,1197.33,0.03,0.00,19.47,118.81,267.93,2225.70,0.13,0.00,0.04,13.15,748.66,86.32
2024-04-06 05:30,-1.66,0.00,-360.37,350.83,5235.67,14.38,0.00,0.12,33.34,0.85,47.63,1174.33,0.03,0.00,19.08,132.68,180.64,2383.40,0.13,0.00,0.04,13.05,752.74,88.89
2024-04-06 06:00,-3.35,0.00,-429.12,452.32,5407.83,14.53,0.00,0.13,29.72,2.64,11.14,1202.50,0.03,0.81,18.99,159.13,226.71,2461.60,0.13,0.00,0.04,11.63,759.73,79.19
2024-04-06 06:30,-0.21,0.00,-400.05,385.57,5712.33,14.56,0.00,0.15,26.83,15.62,11.21,1123.83,8.70,17.97,18.93,150.88,193.30,2600.30,0.13,0.00,0.04,10.50,767.26,92.73
2024-04-06 07:00,-0.78,0.00,-417.55,346.17,5890.17,14.26,0.00,0.49,23.78,43.71,11.13,922.92,184.79,133.19,19.07,157.31,170.50,2681.50,0.13,0.00,0.14,9.30,756.20,139.60
2024-04-06 07:30,-2.56,0.00,-174.38,169.40,5780.33,14.58,0.00,0.55,21.98,16.78,11.17,799.57,410.83,414.82,19.13,64.14,85.82,2631.40,0.13,0.00,0.16,8.60,713.37,108.90
2024-04-06 08:00,-1.10,0.00,-23.34,153.78,5378.83,14.70,0.00,0.55,18.35,5.72,11.27,661.90,662.93,864.24,19.47,8.44,66.46,2448.60,0.13,0.00,0.16,7.18,648.98,85.96
2024-04-06 08:30,-6.35,0.00,-170.94,195.35,5279.33,14.13,0.00,0.55,20.94,1.28,29.91,482.45,839.30,1356.17,19.93,59.14,72.80,2403.40,0.13,0.00,0.16,8.19,603.21,102.70
2024-04-06 09:00,-6.09,0.00,-86.40,119.35,4872.33,14.44,0.00,0.55,22.17,1.29,29.37,336.63,1048.23,1885.58,21.04,30.38,51.04,2218.00,0.13,0.00,0.16,8.68,545.71,70.46
2024-04-06 09:30,-3.11,0.00,-132.13,22.81,4559.67,14.76,0.00,0.56,22.00,2.05,34.71,263.90,1333.00,2286.08,22.57,39.27,10.83,2075.60,0.13,0.00,0.16,8.61,489.29,78.00
2024-04-06 10:00,-16.85,0.00,-31.61,102.97,4057.83,14.52,0.00,0.54,20.98,0.12,11.33,283.15,1378.50,2678.58,23.38,10.47,34.60,1847.10,0.13,0.00,0.16,8.21,442.29,49.20
2024-04-06 10:30,-30.98,0.00,-38.93,315.88,3521.17,14.36,0.00,0.24,20.95,1.01,11.25,332.45,1501.33,3004.25,24.26,11.03,157.85,1603.00,0.13,0.00,0.07,8.20,406.39,9.94
2024-04-06 11:00,-50.70,0.00,-239.07,352.53,3403.33,14.27,0.00,0.12,20.97,5.30,13.25,328.27,1592.33,3250.25,25.40,62.53,181.54,1549.30,0.13,0.00,0.04,8.21,385.85,9.80
2024-04-06 11:30,-45.17,-22.49,-345.20,274.38,3322.33,14.35,0.00,0.11,18.67,0.06,18.06,354.78,1668.83,3410.17,25.82,87.36,142.20,1512.50,0.13,0.00,0.03,7.61,363.40,25.00
2024-04-06 12:00,-73.77,-43.82,-515.17,277.05,3207.33,14.21,0.00,0.13,20.95,0.26,46.66,427.20,1754.83,3505.83,26.45,122.48,135.89,1460.00,0.13,0.00,0.04,8.20,343.73,21.18
2024-04-06 12:30,-77.42,-43.67,-621.93,408.17,3165.00,13.95,0.00,0.11,20.05,1.35,63.12,450.55,1749.83,3499.75,27.19,148.75,210.82,1440.80,0.13,0.00,0.03,7.85,350.19,23.61
2024-04-06 13:00,-67.38,-43.76,-681.30,689.27,3197.67,14.02,0.00,0.13,19.95,0.31,77.53,487.55,1535.83,3388.33,27.57,167.96,349.36,1455.70,0.13,0.00,0.04,7.80,381.77,41.95
2024-04-06 13:30,-71.02,-43.81,-743.13,813.10,3218.50,14.00,0.00,0.12,20.82,3.68,76.81,516.62,1516.00,3302.50,27.88,182.94,400.54,1465.30,0.13,0.00,0.03,8.17,392.21,34.85
2024-04-06 14:00,-31.16,-43.71,-736.47,886.85,3297.67,13.94,0.00,0.14,20.09,20.96,67.55,523.02,1504.00,3103.50,28.15,185.06,431.21,1501.30,0.13,0.00,0.04,8.12,407.06,39.75
2024-04-06 14:30,-15.00,-36.41,-745.02,891.98,3591.17,13.77,0.00,0.12,23.24,2.05,46.84,433.58,1482.67,2884.67,28.20,198.48,431.15,1634.90,0.12,0.00,0.03,9.09,437.81,42.69
2024-04-06 15:00,-9.98,0.00,-624.37,909.07,3931.00,13.65,0.00,0.13,26.33,17.26,58.95,436.78,1383.83,2549.00,28.15,177.89,442.65,1789.90,0.12,0.00,0.04,10.30,475.20,56.99
2024-04-06 15:30,-6.46,0.00,-536.95,872.67,4523.00,13.98,0.00,0.10,27.91,22.23,84.18,448.53,1185.50,2078.25,27.63,163.84,427.92,2059.10,0.13,0.00,0.03,10.92,535.81,76.86
2024-04-06 16:00,-10.84,0.00,-411.02,804.95,5249.50,13.95,0.00,0.12,28.47,0.26,158.30,424.52,900.60,1559.06,26.71,138.01,402.09,2389.60,0.13,0.00,0.04,11.14,611.38,78.00
2024-04-06 16:30,-23.00,0.00,-531.78,799.25,6044.83,13.97,0.00,0.14,30.41,14.32,325.88,419.03,546.15,1039.91,25.22,190.00,395.25,2751.50,0.13,0.00,0.04,11.90,684.13,88.00
2024-04-06 17:00,-8.15,0.00,-441.95,769.90,6306.50,14.00,0.00,0.13,32.17,16.15,674.13,410.48,310.22,556.58,24.29,160.36,381.74,2870.80,0.13,0.00,0.04,12.59,718.72,88.88
2024-04-06 17:30,-0.21,0.00,-518.53,763.95,6583.50,14.12,0.00,0.12,32.12,120.18,949.92,382.97,111.30,190.92,23.80,189.67,382.54,2996.90,0.13,0.00,0.04,12.57,742.15,166.50
2024-04-06 18:00,-0.15,0.00,-539.58,811.13,6703.00,14.08,0.00,0.11,31.99,122.97,1013.93,369.10,12.60,31.01,23.88,199.74,399.81,3051.30,0.13,0.00,0.03,12.52,761.72,146.50
2024-04-06 18:30,-1.24,0.00,-503.72,749.47,6740.83,13.90,0.00,0.16,32.02,84.52,1004.08,332.38,0.23,1.66,24.06,189.10,361.56,3068.60,0.13,0.00,0.05,12.53,769.73,122.00
2024-04-06 19:00,-0.24,0.00,-528.10,646.02,6752.50,13.67,0.00,0.11,32.24,44.09,995.58,333.32,0.01,0.00,24.01,199.45,315.68,3073.80,0.12,0.00,0.03,12.62,772.76,107.90
2024-04-06 19:30,-2.27,0.00,-524.02,551.78,6718.83,13.71,0.00,0.14,32.55,35.10,954.50,310.55,0.01,0.00,23.87,199.55,274.77,3058.70,0.12,0.00,0.04,12.74,777.87,102.00
2024-04-06 20:00,-1.35,0.00,-570.63,626.08,6724.50,14.02,0.00,0.14,33.21,4.53,726.18,360.23,0.01,0.00,23.39,223.11,305.51,3061.10,0.13,0.00,0.04,13.00,797.45,102.20
2024-04-06 20:30,-1.19,0.00,-480.95,1072.23,6604.50,13.77,0.00,0.14,34.07,5.05,111.09,392.50,0.01,0.00,23.12,202.79,493.49,3006.60,0.12,0.00,0.04,13.33,854.27,123.40
2024-04-06 21:00,-12.34,0.00,-490.17,932.82,6597.00,13.87,0.00,0.13,34.05,1.10,120.67,388.80,0.01,0.00,22.28,206.53,442.04,3003.00,0.12,0.00,0.04,13.32,857.37,114.40
2024-04-06 21:30,-0.60,0.00,-651.68,899.13,6600.17,13.89,0.00,0.12,34.26,0.83,171.50,426.77,0.01,0.00,22.06,271.36,437.56,3004.50,0.12,0.00,0.04,13.40,849.77,118.60
2024-04-06 22:00,-0.71,0.00,-518.28,839.10,6385.00,13.88,0.00,0.14,34.01,9.41,200.20,446.58,0.01,0.00,21.65,213.30,414.67,2906.40,0.12,0.00,0.04,13.31,842.51,109.20
2024-04-06 22:30,-18.40,0.00,-647.02,594.45,6500.17,14.08,0.00,0.14,33.77,15.43,334.03,465.00,0.01,0.00,21.22,261.16,309.79,2958.80,0.13,0.00,0.04,13.29,828.59,116.70
2024-04-06 23:00,-0.77,0.00,-632.65,587.80,6340.83,14.04,0.00,0.12,33.41,9.17,365.37,479.35,0.01,0.00,20.76,253.27,309.09,2886.50,0.13,0.00,0.04,13.16,821.39,88.88
2024-04-06 23:30,-1.84,0.00,-618.10,337.05,6454.17,13.57,0.00,0.13,33.01,11.79,341.53,460.27,0.01,0.00,20.42,249.41,175.20,2938.00,0.12,0.00,0.04,13.00,818.29,110.30
2024-04-07 00:00,-10.57,0.00,-641.17,308.88,6591.00,13.53,0.00,0.14,32.53,4.46,135.52,468.37,0.01,0.00,20.03,266.62,158.50,3000.40,0.12,0.00,0.04,12.83,841.78,107.20
2024-04-07 00:30,-24.58,0.00,-725.73,347.25,6365.50,13.22,0.00,0.12,32.75,6.07,108.33,584.25,0.01,0.00,19.65,297.09,177.91,2898.00,0.12,0.00,0.03,12.90,832.50,89.19
2024-04-07 01:00,-1.47,0.00,-732.07,459.82,6001.67,13.28,0.00,0.12,32.55,9.31,111.53,607.05,0.01,0.00,19.41,296.58,235.99,2732.60,0.12,0.00,0.04,12.83,825.93,87.70
2024-04-07 01:30,-0.48,0.00,-710.87,449.72,5873.33,13.47,0.00,0.11,32.35,9.48,90.90,556.62,0.01,0.00,19.14,290.36,232.84,2674.10,0.12,0.00,0.03,12.75,832.82,88.88
2024-04-07 02:00,-11.12,0.00,-673.53,410.58,5681.50,13.66,0.00,0.13,32.38,18.10,86.70,632.00,0.01,0.00,18.99,270.79,214.84,2586.70,0.12,0.00,0.04,12.76,821.81,88.00
2024-04-07 02:30,-3.42,0.00,-615.25,414.50,5525.33,13.64,0.00,0.12,28.64,5.11,85.93,603.80,0.01,0.00,18.75,248.17,221.72,2515.30,0.12,0.00,0.04,11.21,825.37,90.70
2024-04-07 03:00,-10.71,0.00,-650.75,510.25,5446.83,13.70,0.00,0.13,29.05,7.45,94.02,566.30,0.01,0.00,18.69,263.20,273.18,2479.60,0.12,0.00,0.04,11.37,832.83,88.00
2024-04-07 03:30,-9.98,0.00,-649.77,523.98,5462.33,13.80,0.00,0.13,28.53,3.57,120.92,489.48,0.01,0.00,18.58,265.19,283.22,2486.40,0.12,0.00,0.04,11.16,840.97,75.48
2024-04-07 04:00,-1.23,0.00,-676.87,599.00,5469.50,13.77,0.00,0.14,28.45,5.76,112.87,434.72,0.01,0.00,18.28,279.09,323.83,2489.70,0.12,0.00,0.04,11.14,850.55,88.88
2024-04-07 04:30,-6.70,0.00,-666.93,592.95,5451.67,13.65,0.00,0.12,27.94,5.56,137.48,447.25,0.01,0.00,18.28,273.24,319.83,2481.50,0.12,0.00,0.03,10.93,845.97,88.40
2024-04-07 05:00,-12.88,0.00,-641.30,591.47,5488.17,13.80,0.00,0.11,27.91,7.41,142.92,412.52,0.01,0.00,18.31,264.08,314.36,2498.20,0.12,0.00,0.03,10.92,848.92,88.88
2024-04-07 05:30,-12.02,0.00,-687.03,649.90,5535.67,13.92,0.00,0.10,28.45,0.66,136.58,447.67,0.01,0.00,18.36,282.10,341.18,2519.90,0.13,0.00,0.03,11.13,847.33,88.88
2024-04-07 06:00,-12.41,0.00,-712.80,688.93,5535.17,13.80,0.00,0.13,27.94,2.88,197.68,495.25,0.01,0.37,18.12,287.53,359.00,2519.50,0.12,0.00,0.04,10.93,834.40,88.88
2024-04-07 06:30,-1.18,0.00,-687.60,651.48,5571.67,13.56,0.00,0.09,27.66,7.62,272.82,501.63,1.80,10.18,17.77,273.34,341.17,2536.30,0.12,0.00,0.03,10.82,821.10,88.56
2024-04-07 07:00,-0.60,0.00,-679.60,573.47,5613.83,13.91,0.00,0.09,27.95,12.58,315.12,503.43,77.65,88.21,17.78,263.81,299.82,2555.40,0.13,0.00,0.03,10.94,795.14,75.81
2024-04-07 07:30,-1.94,0.00,-553.50,569.47,5520.67,14.22,0.00,0.08,27.79,2.55,52.66,514.12,323.30,307.77,17.74,212.37,284.86,2512.90,0.13,0.00,0.02,10.87,766.22,88.88
2024-04-07 08:00,-38.03,0.00,-513.35,409.58,5051.00,14.29,0.00,0.10,27.75,2.03,15.77,526.97,856.25,677.46,18.00,176.38,207.08,2299.40,0.13,0.00,0.03,10.86,666.05,65.41
2024-04-07 08:30,-45.58,-29.71,-628.52,154.17,4765.50,14.09,0.00,0.07,27.39,4.45,27.34,570.62,1255.17,1168.38,18.68,195.86,77.34,2169.40,0.13,0.00,0.02,10.72,566.15,78.00
2024-04-07 09:00,-45.84,-43.63,-645.18,287.78,4160.17,14.18,0.00,0.08,27.60,3.21,15.75,599.83,1551.33,1769.00,20.58,180.84,144.62,1893.80,0.13,0.00,0.02,10.80,485.69,34.44
2024-04-07 09:30,-41.97,-43.71,-414.88,264.06,3522.67,14.50,0.00,0.10,28.27,2.60,15.77,604.10,1730.00,2250.17,22.38,105.37,133.15,1603.70,0.13,0.00,0.03,11.06,414.21,34.84
2024-04-07 10:00,-74.01,-43.69,-529.47,414.70,3216.67,14.64,0.00,0.06,28.15,1.56,15.73,578.23,1838.17,2671.42,23.47,121.27,201.58,1464.50,0.13,0.00,0.02,11.01,382.67,39.75
2024-04-07 10:30,-79.69,-43.65,-492.07,48.97,3036.17,14.41,0.00,0.10,27.80,0.02,15.74,544.77,2085.83,2998.67,24.77,109.35,24.84,1382.60,0.13,0.00,0.03,10.88,320.98,19.74
2024-04-07 11:00,-59.39,-57.25,-430.82,1.18,3033.83,13.88,0.00,0.07,27.71,5.00,17.66,542.17,1879.00,3225.67,25.94,100.16,0.18,1381.40,0.12,0.00,0.02,10.84,315.27,9.00
2024-04-07 11:30,-40.17,-235.48,-419.72,179.75,2974.33,14.46,0.00,0.10,27.82,0.63,17.71,527.02,1846.50,3332.92,26.56,93.16,46.87,1354.40,0.13,0.00,0.03,10.89,320.73,0.50
2024-04-07 12:00,-51.46,-236.40,-216.13,123.98,2975.17,14.29,0.00,0.11,27.55,0.27,17.76,546.07,1683.50,3358.50,27.00,47.33,31.20,1354.70,0.13,0.00,0.03,10.78,327.42,-14.24
2024-04-07 12:30,-28.17,-236.48,-106.33,214.25,2938.33,13.92,0.00,0.09,27.42,11.64,17.71,608.67,1588.83,3335.50,26.99,19.94,86.73,1337.90,0.13,0.00,0.03,10.73,337.63,-20.50
2024-04-07 13:00,-35.75,-236.22,-114.42,399.05,2927.67,13.72,0.00,0.09,27.42,0.79,17.72,608.93,1647.50,3164.33,27.44,25.39,165.97,1333.00,0.12,0.00,0.03,10.73,352.57,-11.26
2024-04-07 13:30,-24.96,-214.38,-304.10,779.03,2960.67,13.92,0.00,0.07,27.59,4.21,16.91,637.88,1696.00,2919.17,27.23,67.31,323.71,1348.20,0.13,0.00,0.02,10.80,379.59,25.00
2024-04-07 14:00,-17.39,-160.63,-71.38,762.18,3022.50,14.03,0.00,0.08,27.95,19.86,16.89,641.55,1586.83,2614.08,27.49,17.45,312.34,1376.30,0.13,0.00,0.02,10.94,397.86,25.78
2024-04-07 14:30,-37.87,0.00,-5.18,860.18,3169.17,14.18,0.00,0.09,28.28,12.75,17.04,611.00,1471.00,2275.58,26.53,1.42,352.46,1443.00,0.13,0.00,0.03,11.06,429.00,35.88
2024-04-07 15:00,-6.96,0.00,-106.87,749.72,3542.00,13.97,0.00,0.12,28.57,21.47,16.83,651.67,1555.83,1906.75,25.42,29.14,306.90,1613.00,0.13,0.00,0.04,11.18,454.34,56.99
2024-04-07 15:30,-22.11,0.00,-461.65,798.35,4151.00,14.08,0.00,0.12,28.69,10.68,16.95,644.47,1613.50,1593.25,24.67,127.25,339.34,1890.20,0.13,0.00,0.04,11.23,504.02,43.91
2024-04-07 16:00,-4.94,0.00,-416.07,855.23,4757.83,14.03,0.00,0.14,28.45,18.13,23.46,659.38,1281.50,1287.51,24.75,127.26,365.21,2166.60,0.13,0.00,0.04,11.13,568.12,43.15
2024-04-07 16:30,-0.43,0.00,-382.82,755.17,5238.00,13.92,0.00,0.10,27.89,28.18,165.22,609.77,1086.52,844.82,24.04,124.28,336.09,2385.30,0.13,0.00,0.03,10.91,622.01,58.02
2024-04-07 17:00,-4.28,0.00,-417.00,742.00,5862.50,13.94,0.00,0.13,27.80,17.84,593.08,494.37,691.03,453.56,23.63,143.03,333.14,2669.30,0.13,0.00,0.04,10.88,677.39,136.00
2024-04-07 17:30,-5.08,0.00,-543.08,828.67,6507.17,14.26,0.00,0.14,27.98,54.12,857.40,354.28,271.85,170.41,23.40,198.55,369.82,2962.40,0.13,0.00,0.04,10.95,736.65,117.90
2024-04-07 18:00,-0.40,0.00,-521.65,821.67,6862.33,14.34,0.00,0.15,28.33,106.02,945.12,299.83,27.45,29.54,23.06,197.18,360.82,3124.00,0.13,0.00,0.04,11.08,766.05,146.50
2024-04-07 18:30,-0.15,0.00,-506.78,586.47,6859.17,14.38,0.00,0.14,28.47,115.07,1212.67,292.18,0.21,1.59,22.87,186.34,254.08,3122.40,0.13,0.00,0.04,11.14,744.23,146.60
2024-04-07 19:00,-0.74,0.00,-527.52,462.98,6911.67,14.09,0.00,0.14,28.46,87.99,1172.67,312.85,0.21,0.00,22.36,195.34,202.84,3146.30,0.13,0.00,0.04,11.14,748.00,139.90
2024-04-07 19:30,-2.67,0.00,-549.33,401.03,6801.33,13.87,0.00,0.12,28.46,30.56,1129.17,367.93,0.21,0.00,21.87,203.90,181.86,3096.00,0.12,0.00,0.03,11.13,750.61,125.90
2024-04-07 20:00,-0.34,0.00,-649.53,550.55,6516.33,14.03,0.00,0.13,28.55,2.81,1075.92,453.67,0.21,0.00,21.70,238.89,253.80,2966.20,0.13,0.00,0.04,11.17,748.83,88.88
2024-04-07 20:30,-0.79,0.00,-551.88,734.53,6219.00,13.66,0.00,0.14,28.36,16.59,867.38,515.65,0.21,0.00,21.48,204.70,333.98,2830.80,0.12,0.00,0.04,11.10,757.72,100.30
2024-04-07 21:00,-1.18,0.00,-556.85,713.90,6179.17,13.70,0.00,0.14,28.46,21.68,784.08,517.63,0.21,0.00,20.92,208.61,326.39,2812.80,0.12,0.00,0.04,11.13,764.03,88.08
2024-04-07 21:30,-2.66,0.00,-563.13,1007.00,6301.00,13.76,0.00,0.14,28.41,10.13,148.52,564.68,0.21,0.00,20.77,229.45,436.08,2868.40,0.12,0.00,0.04,11.12,822.13,117.00
2024-04-07 22:00,-11.09,0.00,-623.27,989.15,6248.67,13.83,0.00,0.13,28.44,5.04,69.32,571.83,0.21,0.00,20.42,256.54,441.74,2844.50,0.12,0.00,0.04,11.13,834.03,117.00
2024-04-07 22:30,-8.05,0.00,-655.73,958.02,6368.50,13.88,0.00,0.13,28.08,14.53,61.22,473.52,0.21,0.00,19.86,274.09,434.80,2899.00,0.12,0.00,0.04,10.99,846.63,117.00
2024-04-07 23:00,-9.20,0.00,-690.23,860.25,6422.33,14.01,0.00,0.10,28.07,9.59,48.02,447.48,0.21,0.00,19.36,290.63,410.92,2923.70,0.13,0.00,0.03,10.98,856.90,126.80
2024-04-07 23:30,-6.21,0.00,-650.12,835.75,6373.67,13.79,0.00,0.13,28.17,2.49,28.29,392.80,0.21,0.00,19.03,276.72,395.84,2901.30,0.12,0.00,0.04,11.02,863.83,135.00
2024-04-08 00:00,-10.82,0.00,-539.47,745.38,6248.33,14.04,0.00,0.13,27.73,7.58,16.95,355.55,0.21,0.00,18.72,230.89,361.09,2844.30,0.13,0.00,0.04,10.85,869.70,125.20
2024-04-08 00:30,-2.69,0.00,-394.57,745.45,6006.67,13.93,0.00,0.12,27.78,7.74,20.53,313.43,0.21,0.00,18.36,169.45,363.68,2734.20,0.13,0.00,0.04,10.87,872.42,117.00
2024-04-08 01:00,-7.65,0.00,-321.77,728.70,5792.83,14.33,0.00,0.11,28.43,24.15,28.58,301.00,0.21,0.00,18.19,137.61,364.83,2636.70,0.13,0.00,0.03,11.13,872.74,117.00
2024-04-08 01:30,-12.72,0.00,-400.97,752.27,5711.00,14.19,0.00,0.12,28.55,1.62,16.96,295.00,0.21,0.00,17.94,172.52,384.08,2599.60,0.13,0.00,0.04,11.17,881.17,121.00
2024-04-08 02:00,-2.82,0.00,-385.67,716.23,5554.17,14.03,0.00,0.13,28.49,8.66,27.24,294.47,0.21,0.00,17.84,165.20,370.54,2528.10,0.13,0.00,0.04,11.15,877.60,94.02
2024-04-08 02:30,-28.75,0.00,-439.60,672.03,5548.17,14.10,0.00,0.12,28.45,3.17,62.14,271.48,0.21,0.00,18.03,188.10,352.27,2525.60,0.13,0.00,0.04,11.13,881.04,88.88
2024-04-08 03:00,-0.59,0.00,-370.52,550.25,5480.33,14.01,0.00,0.11,28.33,10.52,72.94,248.50,0.21,0.00,17.82,158.57,291.87,2494.80,0.13,0.00,0.03,11.08,874.81,79.97
2024-04-08 03:30,-1.94,0.00,-363.08,460.57,5571.50,13.93,0.00,0.13,27.91,2.10,70.68,261.32,0.21,0.00,17.45,155.48,246.80,2536.20,0.13,0.00,0.04,10.92,873.23,88.88
2024-04-08 04:00,-3.25,0.00,-376.73,472.92,5630.17,13.93,0.00,0.12,28.05,0.54,65.73,248.62,0.21,0.00,17.22,161.96,252.90,2562.90,0.13,0.00,0.03,10.97,876.59,89.22
2024-04-08 04:30,-13.91,0.00,-477.55,541.17,5666.83,13.97,0.00,0.11,28.11,2.11,56.94,220.90,0.21,0.00,17.10,206.54,286.72,2579.60,0.13,0.00,0.03,11.00,884.58,88.88
2024-04-08 05:00,-16.49,0.00,-486.38,629.33,5735.50,13.99,0.00,0.11,27.67,3.55,57.03,211.50,0.21,0.00,16.92,210.78,331.07,2611.00,0.13,0.00,0.03,10.83,888.04,92.90
2024-04-08 05:30,-3.31,0.00,-551.35,742.25,5997.33,13.97,0.00,0.12,27.75,2.23,56.88,192.80,0.21,0.00,16.78,240.22,381.77,2730.30,0.13,0.00,0.03,10.86,889.93,129.20
2024-04-08 06:00,-6.59,0.00,-446.17,707.33,6179.33,13.92,0.00,0.12,28.17,1.02,57.05,181.83,0.21,1.13,16.47,195.01,353.58,2813.50,0.13,0.00,0.03,11.02,888.22,117.20
2024-04-08 06:30,-53.08,0.00,-330.85,860.33,6342.50,14.03,0.00,0.12,71.41,0.19,56.84,191.85,13.04,25.12,16.43,143.97,407.77,2887.60,0.13,0.00,0.03,26.66,883.88,241.80
2024-04-08 07:00,-6.93,0.00,-147.48,484.40,6270.33,14.93,0.00,0.06,158.10,23.04,146.09,202.17,212.22,183.82,16.68,61.52,231.92,2854.60,0.13,0.00,0.02,58.05,817.75,155.10
2024-04-08 07:30,-3.50,0.00,-39.27,424.90,5648.67,14.44,0.00,0.10,107.45,15.56,187.00,170.67,771.63,545.78,17.03,14.15,172.68,2571.50,0.13,0.00,0.03,39.70,706.30,88.00
2024-04-08 08:00,-2.03,0.00,-235.94,598.65,4968.33,14.57,0.00,0.09,61.85,20.90,117.54,137.15,1452.00,1039.77,18.01,75.56,200.22,2262.00,0.13,0.00,0.03,23.18,589.75,69.57
2024-04-08 08:30,-8.77,0.00,-271.42,639.13,4563.00,14.53,0.00,0.08,26.83,29.11,57.00,128.58,1757.50,1544.08,19.80,80.84,193.60,2077.50,0.13,0.00,0.02,10.50,519.10,64.76
2024-04-08 09:00,-11.45,-14.40,-199.18,782.82,3906.33,14.21,0.00,0.08,27.17,9.18,28.63,140.67,2005.50,1971.67,20.65,55.23,219.12,1778.40,0.13,0.00,0.02,10.63,450.99,55.04
2024-04-08 09:30,-29.77,-192.02,-11.46,747.48,3566.67,14.05,0.00,0.07,27.48,9.84,16.91,162.53,2175.00,2360.25,21.26,3.06,201.62,1623.70,0.13,0.00,0.02,10.75,414.41,43.04
2024-04-08 10:00,-32.34,-279.22,0.00,820.68,3273.00,14.14,0.00,0.09,28.01,4.03,16.99,193.53,2286.17,2700.83,21.83,0.00,233.90,1490.20,0.13,0.00,0.03,10.96,384.50,36.93
2024-04-08 10:30,-58.00,-428.25,0.00,975.80,3155.00,13.72,0.00,0.10,26.95,3.38,16.90,192.75,2224.00,3049.42,21.61,0.00,283.05,1436.40,0.12,0.00,0.03,10.59,377.29,10.05
2024-04-08 11:00,-54.19,-427.83,0.00,1004.70,3059.33,14.23,0.00,0.13,26.71,3.78,16.85,230.15,2212.67,3280.17,22.58,0.00,296.49,1393.00,0.13,0.00,0.04,10.45,363.01,-21.11
2024-04-08 11:30,-27.87,-427.15,0.00,1212.00,3073.00,13.44,0.00,0.15,26.52,18.44,16.97,250.32,2008.17,3148.92,23.60,0.00,369.77,1399.10,0.12,0.00,0.05,10.38,382.14,33.83
2024-04-08 12:00,-49.92,-427.43,0.00,1451.00,3079.83,14.24,0.00,0.15,26.27,6.44,16.90,257.48,1895.17,3139.58,23.73,0.00,453.46,1402.10,0.13,0.00,0.04,10.28,396.61,42.69
2024-04-08 12:30,-23.09,-426.18,0.00,1300.50,3125.67,14.52,0.00,0.20,25.84,9.28,37.53,291.23,1913.67,3122.00,24.66,0.00,395.56,1423.20,0.13,0.00,0.06,10.11,389.53,37.77
2024-04-08 13:00,-48.82,-171.31,0.00,1040.22,3186.17,14.02,0.00,0.62,24.11,1.76,110.17,334.27,1939.17,3043.67,25.23,0.00,316.35,1450.70,0.13,0.00,0.18,9.43,375.09,58.00
2024-04-08 13:30,-26.10,-43.95,0.00,838.55,3355.83,13.76,0.00,0.67,23.84,1.98,176.62,380.20,1898.33,2729.25,23.93,0.00,247.60,1527.90,0.12,0.00,0.20,9.33,381.89,58.03
2024-04-08 14:00,-27.39,-36.63,-0.80,557.90,3788.33,13.90,0.00,0.53,24.40,2.87,14.33,420.68,1874.00,2590.92,23.10,0.22,167.98,1724.70,0.13,0.00,0.16,9.55,412.51,80.62
2024-04-08 14:30,-63.83,0.00,-8.77,317.43,4199.33,13.20,0.00,0.22,25.31,0.33,14.44,418.32,2014.00,2339.50,23.54,2.49,93.64,1911.60,0.12,0.00,0.06,9.90,434.29,89.67
2024-04-08 15:00,-25.45,0.00,-100.37,272.57,4588.00,12.75,0.00,0.22,24.18,4.54,27.63,409.75,1959.50,1968.75,23.42,26.01,102.02,2088.60,0.11,0.00,0.07,9.46,475.66,126.70
2024-04-08 15:30,-84.86,0.00,-121.80,56.94,5023.67,12.89,0.00,0.21,23.94,0.09,14.39,413.72,1917.00,1723.33,22.94,34.83,21.77,2286.60,0.12,0.00,0.06,9.37,508.51,88.00
2024-04-08 16:00,-25.65,0.00,-90.80,117.65,5334.17,12.71,0.00,0.23,114.63,8.05,14.51,408.92,1723.17,1358.27,21.74,28.08,46.00,2428.40,0.11,0.00,0.07,44.85,555.12,46.15
2024-04-08 16:30,-32.12,0.00,-332.42,255.93,5928.00,12.17,0.00,0.22,113.19,5.32,78.84,461.92,1528.67,969.20,21.37,107.47,106.51,2698.60,0.11,0.00,0.06,44.30,610.11,92.88
2024-04-08 17:00,-2.56,0.00,-351.07,338.32,6512.50,11.84,0.00,0.22,144.43,32.24,412.35,394.95,1016.00,547.80,20.97,122.69,148.60,2964.70,0.11,0.00,0.06,53.00,672.14,109.20
2024-04-08 17:30,-0.87,0.00,-386.15,721.68,6767.17,12.61,0.00,0.23,184.37,105.64,754.32,340.83,383.72,201.61,20.72,141.67,311.29,3080.70,0.11,0.00,0.07,67.47,730.42,129.80
2024-04-08 18:00,-0.38,0.00,-305.40,944.28,6836.67,13.87,0.00,0.23,321.00,121.84,841.88,343.33,34.66,33.95,20.53,115.74,378.19,3112.50,0.12,0.00,0.07,116.95,760.31,228.00
2024-04-08 18:30,-0.24,0.00,-290.83,905.93,6847.17,15.65,0.00,0.23,334.48,117.86,777.62,452.10,0.06,1.78,20.38,110.27,356.72,3117.30,0.14,0.00,0.07,121.83,760.94,136.00
2024-04-08 19:00,-6.54,0.00,-390.12,894.42,6823.00,23.34,0.00,0.23,333.07,8.76,717.48,537.40,0.03,0.00,20.04,149.14,347.15,3106.10,0.21,0.00,0.07,121.32,766.29,117.00
2024-04-08 19:30,-0.66,0.00,-437.37,916.15,6686.83,28.94,0.00,0.22,284.57,1.66,584.50,605.67,0.03,0.00,19.73,168.05,344.94,3043.90,0.26,0.00,0.07,103.77,766.94,88.54
2024-04-08 20:00,-37.98,0.00,-408.40,684.30,6648.83,31.70,0.00,0.23,259.03,0.49,559.98,661.68,0.03,0.00,19.54,156.19,266.68,3026.50,0.29,0.00,0.07,94.52,769.50,88.88
2024-04-08 20:30,-13.55,0.00,-353.93,641.52,6656.17,36.42,0.00,0.22,154.05,1.69,538.65,584.48,0.03,0.00,19.58,136.89,249.72,3030.00,0.33,0.00,0.06,56.50,776.09,84.69
2024-04-08 21:00,-1.88,0.00,-158.50,117.98,6847.50,36.76,0.00,0.22,153.15,6.56,423.80,571.37,0.03,0.00,19.49,62.57,48.63,3117.20,0.33,0.00,0.06,56.17,790.25,92.71
2024-04-08 21:30,-0.92,0.00,-146.33,81.31,6858.67,37.70,0.00,0.23,28.56,2.55,412.10,560.02,0.03,0.00,19.20,58.05,34.33,3122.30,0.34,0.00,0.07,11.04,793.99,100.00
2024-04-08 22:00,-10.07,0.00,-221.68,19.48,6908.17,40.11,0.00,0.22,23.87,2.41,386.43,531.35,0.03,0.00,18.68,88.64,8.72,3145.00,0.36,0.00,0.06,9.34,800.71,94.49
2024-04-08 22:30,-1.19,0.00,-262.43,117.69,6851.67,37.90,0.00,0.22,23.82,2.39,373.67,495.80,0.03,0.00,18.33,105.36,53.28,3119.20,0.34,0.00,0.06,9.32,805.50,100.00
2024-04-08 23:00,-3.18,0.00,-290.02,229.05,6719.83,36.83,0.00,0.22,22.53,5.12,397.38,435.52,0.03,0.00,18.11,116.64,102.72,3059.20,0.33,0.00,0.06,8.82,808.78,100.00
2024-04-08 23:30,-1.53,0.00,-164.90,231.10,6577.33,36.68,0.00,0.21,22.18,8.43,296.02,391.00,0.03,0.00,17.83,67.51,102.24,2994.50,0.33,0.00,0.06,8.68,821.55,100.00
2024-04-09 00:00,-52.31,0.00,-172.22,384.78,6422.50,36.66,0.00,0.22,22.59,0.00,279.95,379.00,0.03,0.00,17.62,70.71,163.59,2923.80,0.33,0.00,0.07,8.84,828.88,76.63
2024-04-09 00:30,-27.66,0.00,-162.93,584.28,5976.33,36.67,0.00,0.22,23.58,3.06,303.42,430.40,0.03,0.00,17.42,65.69,238.48,2721.00,0.33,0.00,0.06,9.23,810.17,63.99
2024-04-09 01:00,-0.39,0.00,-95.32,706.13,5540.83,34.71,0.00,0.22,23.01,5.96,279.95,483.53,0.03,0.00,17.23,37.98,282.17,2522.60,0.31,0.00,0.07,9.00,795.62,78.00
2024-04-09 01:30,-0.55,0.00,-140.42,793.80,5269.33,31.81,0.00,0.21,23.12,12.74,267.73,557.00,0.03,0.00,17.20,54.83,317.73,2399.20,0.29,0.00,0.06,9.05,784.03,78.00
2024-04-09 02:00,-22.73,0.00,-136.15,735.77,5149.50,31.34,0.00,0.22,23.16,9.94,236.15,567.68,0.03,0.00,17.18,53.23,306.65,2344.60,0.28,0.00,0.06,9.06,790.74,78.00
2024-04-09 02:30,-51.77,0.00,-151.92,705.52,5072.33,32.34,0.00,0.23,22.84,1.25,197.37,591.28,0.03,0.00,17.03,59.54,294.62,2309.20,0.29,0.00,0.07,8.94,795.57,83.45
2024-04-09 03:00,-13.57,0.00,-114.87,703.60,4989.83,36.72,0.00,0.21,22.78,17.00,61.78,598.65,0.03,0.00,16.99,45.68,295.78,2271.70,0.33,0.00,0.06,8.91,803.25,61.85
2024-04-09 03:30,-5.18,0.00,-82.17,683.48,4963.67,36.82,0.00,0.22,22.63,6.77,23.62,625.20,0.03,0.00,16.90,32.83,286.00,2259.80,0.33,0.00,0.06,8.86,803.88,84.80
2024-04-09 04:00,-15.67,0.00,-125.25,680.18,4935.83,37.12,0.00,0.22,22.61,0.20,60.13,620.38,0.03,0.00,16.74,49.80,286.30,2247.20,0.33,0.00,0.06,8.85,802.13,57.86
2024-04-09 04:30,-10.94,0.00,-121.15,660.43,5038.67,36.97,0.00,0.23,22.57,0.53,23.51,669.63,0.03,0.00,16.78,48.17,274.70,2294.20,0.33,0.00,0.07,8.83,800.56,61.78
2024-04-09 05:00,-7.75,0.00,-237.93,663.37,5204.50,36.93,0.00,0.22,22.69,1.67,23.50,674.95,0.03,0.00,16.79,94.89,276.95,2369.80,0.33,0.00,0.06,8.88,802.59,56.99
2024-04-09 05:30,-14.15,0.00,-169.30,691.67,5345.17,36.66,0.00,0.22,22.98,0.03,23.48,643.52,0.03,0.00,16.71,68.15,284.10,2433.90,0.33,0.00,0.07,8.99,808.24,65.28
2024-04-09 06:00,-11.29,0.00,-138.58,724.47,5485.33,36.73,0.00,0.22,23.10,9.14,23.49,695.08,0.03,0.79,16.62,55.39,287.46,2497.60,0.33,0.00,0.07,9.04,799.91,66.25
2024-04-09 06:30,-2.40,0.00,-17.65,677.88,5803.50,37.77,0.00,0.18,23.15,11.47,23.41,648.57,7.16,18.73,16.60,7.11,266.45,2642.70,0.34,0.00,0.05,9.06,805.20,98.48
2024-04-09 07:00,-3.04,0.00,0.00,434.48,6131.00,37.46,0.00,0.13,22.67,25.16,56.25,601.38,194.45,144.64,16.63,0.00,170.39,2791.40,0.34,0.00,0.04,8.87,777.29,106.30
2024-04-09 07:30,-7.28,0.00,-182.30,446.53,5809.50,37.29,0.00,0.10,22.61,29.49,63.50,582.38,741.53,438.60,16.99,63.53,157.97,2644.90,0.34,0.00,0.03,8.85,688.69,83.37
2024-04-09 08:00,-11.33,0.00,-421.43,641.42,5194.17,37.10,0.00,0.12,22.71,42.32,36.57,464.08,1488.67,812.11,17.63,131.95,202.73,2364.80,0.33,0.00,0.04,8.89,588.66,56.99
2024-04-09 08:30,-10.05,0.00,-157.63,215.00,4724.50,37.35,0.00,0.16,22.68,30.51,23.25,341.35,2051.17,1220.80,18.30,45.52,65.53,2151.10,0.34,0.00,0.05,8.87,513.08,55.93
2024-04-09 09:00,-9.03,0.00,-74.37,151.02,4290.33,36.93,0.00,0.12,22.64,23.27,23.27,385.48,2145.17,1647.75,19.36,20.92,51.77,1953.70,0.33,0.00,0.04,8.86,461.38,56.99
2024-04-09 09:30,-24.26,0.00,-74.95,169.09,3922.83,36.81,0.00,0.08,22.99,0.14,23.27,497.65,2202.17,2023.83,20.12,19.30,65.05,1786.30,0.33,0.00,0.02,9.00,418.52,37.09
2024-04-09 10:00,-59.31,-121.93,-21.23,250.67,3683.50,36.74,0.00,0.09,19.28,12.28,23.26,473.67,2222.50,2364.67,20.58,5.50,74.27,1677.30,0.33,0.00,0.03,7.59,394.86,-10.22
2024-04-09 10:30,-47.80,-419.40,0.00,507.62,3568.33,36.91,0.00,0.09,130.75,3.66,23.32,445.38,2243.00,2679.42,21.14,0.00,136.69,1624.80,0.33,0.00,0.03,32.60,391.32,-10.99
2024-04-09 11:00,-64.15,-425.57,-1.14,358.60,3482.83,37.10,0.00,0.16,329.55,4.84,23.24,502.28,2101.83,2821.75,21.59,0.27,98.03,1586.00,0.33,0.00,0.05,77.07,384.07,-34.50
2024-04-09 11:30,-37.03,-423.88,0.00,434.57,3439.67,37.12,0.00,0.55,331.58,31.91,23.33,480.57,2009.67,2824.08,21.47,0.00,118.65,1566.20,0.33,0.00,0.16,77.66,385.27,-32.17
2024-04-09 12:00,-11.64,-424.87,0.00,625.52,3437.17,37.16,0.00,0.55,336.55,13.25,23.38,521.37,1921.67,2705.08,21.47,0.00,167.40,1565.20,0.33,0.00,0.16,79.48,394.67,-21.43
2024-04-09 12:30,-37.24,-425.33,0.00,774.75,3428.33,37.30,0.00,0.55,316.75,6.02,23.18,751.78,1911.00,2457.75,20.63,0.00,215.10,1561.20,0.34,0.00,0.16,74.92,400.60,22.64
2024-04-09 13:00,-3.91,-360.45,0.00,774.70,3619.00,37.98,0.00,0.56,16.00,32.66,23.99,1084.00,1789.17,2277.25,19.83,0.00,217.07,1647.90,0.34,0.00,0.17,4.47,402.53,24.85
2024-04-09 13:30,-27.45,-69.61,0.00,518.80,3681.67,38.00,0.00,0.18,0.00,3.20,55.36,1150.00,1803.83,2062.17,18.86,0.00,142.57,1676.40,0.34,0.00,0.05,0.00,394.82,1.00
2024-04-09 14:00,-49.20,0.00,0.00,511.25,3717.67,37.79,0.00,0.13,0.00,1.64,30.13,1265.00,1770.17,1775.08,17.63,0.00,140.27,1692.80,0.34,0.00,0.04,0.00,404.75,1.00
2024-04-09 14:30,-70.29,0.00,0.00,468.50,3917.67,37.34,0.00,0.13,0.00,2.66,34.11,1330.00,1700.00,1506.92,16.55,0.00,131.45,1783.90,0.34,0.00,0.04,0.00,429.20,32.34
2024-04-09 15:00,-85.32,0.00,0.00,478.20,4121.67,37.46,0.00,0.12,0.00,2.04,35.10,1228.67,1639.50,1303.17,15.94,0.00,131.70,1876.50,0.34,0.00,0.04,0.00,458.55,26.55
2024-04-09 15:30,-51.85,0.00,0.00,686.13,4237.33,37.39,0.00,0.14,18.51,0.28,37.47,1145.33,1677.17,982.62,14.68,0.00,196.15,1929.30,0.34,0.00,0.04,7.24,486.42,50.38
2024-04-09 16:00,-2.11,0.00,0.00,835.05,4608.33,38.03,0.00,0.13,24.89,2.81,39.88,1023.10,1499.00,731.18,13.78,0.00,264.01,2098.20,0.34,0.00,0.04,9.74,539.15,60.22
2024-04-09 16:30,-2.10,0.00,-29.68,581.82,5218.83,37.87,0.00,0.15,25.10,16.65,172.47,980.32,1350.50,499.83,13.08,8.50,198.78,2376.20,0.34,0.00,0.04,9.82,582.19,60.35
2024-04-09 17:00,-1.12,0.00,0.00,278.82,5907.83,38.21,0.00,0.14,25.82,11.66,517.87,898.10,980.43,278.59,12.57,0.00,98.88,2689.70,0.34,0.00,0.04,10.11,626.45,72.97
2024-04-09 17:30,-0.68,0.00,-33.73,490.90,6442.17,39.64,0.00,0.14,25.60,72.94,740.25,841.90,359.52,99.08,12.41,11.88,180.62,2932.80,0.36,0.00,0.04,10.02,685.62,106.20
2024-04-09 18:00,-0.42,0.00,-277.37,892.80,6863.17,39.53,0.00,0.15,25.67,83.32,835.10,807.75,32.09,16.58,12.31,100.00,323.65,3124.40,0.36,0.00,0.04,10.04,720.83,136.00
2024-04-09 18:30,-0.71,0.00,-224.35,818.27,7008.00,39.30,0.00,0.14,26.19,99.66,881.90,720.25,0.04,0.93,12.22,81.87,292.01,3190.40,0.35,0.00,0.04,10.25,728.14,136.00
2024-04-09 19:00,-2.77,0.00,-124.90,584.58,7094.83,39.85,0.00,0.15,25.85,25.01,845.95,735.12,0.04,0.00,12.20,46.22,214.14,3230.00,0.36,0.00,0.04,10.12,739.06,136.00
2024-04-09 19:30,-6.93,0.00,-42.60,163.05,7153.50,39.06,0.00,0.14,25.98,3.72,781.35,800.62,0.04,0.00,12.19,15.80,63.43,3256.60,0.35,0.00,0.04,10.16,743.40,130.10
2024-04-09 20:00,-2.83,0.00,-224.17,81.40,7113.17,38.78,0.00,0.14,25.73,1.15,787.75,938.83,0.04,0.00,12.11,81.76,30.73,3238.10,0.35,0.00,0.04,10.07,730.03,100.00
2024-04-09 20:30,-2.73,0.00,-133.67,106.22,7107.17,32.03,0.00,0.12,25.67,0.03,420.73,1006.97,0.04,0.00,12.01,49.58,40.12,3235.70,0.29,0.00,0.04,10.04,755.99,100.00
2024-04-09 21:00,-53.97,0.00,-99.13,104.24,6987.00,31.92,0.00,0.14,24.64,3.59,228.27,1159.17,0.04,0.00,11.93,37.55,39.53,3180.80,0.29,0.00,0.04,9.80,761.49,60.94
2024-04-09 21:30,-18.70,0.00,-109.82,41.55,6720.00,32.82,0.00,0.14,24.08,11.84,161.78,1266.00,0.04,0.00,12.07,41.04,16.65,3059.20,0.30,0.00,0.04,9.67,749.06,92.14
2024-04-09 22:00,-0.81,0.00,-63.16,273.12,6351.00,33.82,0.00,0.13,23.93,11.68,50.67,1230.83,0.04,0.00,12.22,23.78,106.00,2890.90,0.30,0.00,0.04,9.63,754.14,86.96
2024-04-09 22:30,-24.42,0.00,-85.35,103.13,6392.67,32.50,0.00,0.13,23.99,15.15,130.31,1255.83,0.04,0.00,12.56,31.70,39.87,2909.90,0.29,0.00,0.04,9.64,746.57,99.14
2024-04-09 23:00,-7.71,0.00,-162.28,174.95,6218.17,31.73,0.00,0.13,23.87,3.63,48.97,1320.83,0.04,0.00,12.90,60.27,67.37,2830.30,0.29,0.00,0.04,9.60,744.17,88.88
2024-04-09 23:30,-2.76,0.00,-132.02,181.32,6130.67,32.28,0.00,0.10,23.82,19.54,48.88,1225.50,0.04,0.00,13.44,49.38,69.80,2790.50,0.29,0.00,0.03,9.59,749.49,85.65
2024-04-10 00:00,-1.51,0.00,-131.24,131.82,6039.17,32.46,0.00,0.12,23.77,4.10,48.74,1221.67,0.04,0.00,13.92,49.11,51.33,2749.00,0.29,0.00,0.03,9.55,749.37,63.24
2024-04-10 00:30,-14.64,0.00,-160.47,64.18,6064.50,33.11,0.00,0.13,23.71,2.31,48.66,1226.83,0.04,0.00,14.11,60.07,25.84,2760.80,0.30,0.00,0.04,9.55,750.91,85.27
2024-04-10 01:00,-1.60,0.00,-170.99,189.62,5812.50,34.02,0.00,0.13,24.00,0.78,48.73,1189.00,0.04,0.00,14.35,63.89,76.47,2645.80,0.31,0.00,0.04,9.65,748.89,87.99
2024-04-10 01:30,-2.74,0.00,-203.58,235.80,5682.33,34.05,0.00,0.12,24.17,0.06,48.71,1077.67,0.04,0.00,14.39,76.98,94.65,2586.70,0.31,0.00,0.04,9.72,758.18,84.37
2024-04-10 02:00,-9.54,0.00,-243.23,293.97,5419.00,33.70,0.00,0.14,24.06,0.00,48.79,1132.00,0.04,0.00,14.33,90.51,117.19,2467.00,0.30,0.00,0.04,9.68,747.49,66.14
2024-04-10 02:30,-3.56,0.00,-177.68,354.33,5122.67,30.31,0.00,0.12,24.41,0.37,48.94,1116.83,0.04,0.00,14.40,65.60,141.70,2331.90,0.27,0.00,0.03,9.77,742.11,67.01
2024-04-10 03:00,-1.05,0.00,-180.25,317.73,4983.83,29.64,0.00,0.13,25.74,0.70,49.13,1123.33,0.04,0.00,14.55,66.12,127.10,2268.60,0.27,0.00,0.04,10.07,737.11,67.17
2024-04-10 03:30,-3.18,0.00,-144.25,211.85,4941.00,29.92,0.00,0.12,25.62,4.83,49.04,1153.67,0.04,0.00,14.44,52.53,84.51,2249.10,0.27,0.00,0.03,10.03,731.07,63.38
2024-04-10 04:00,-3.81,0.00,-30.94,201.53,4905.33,30.01,0.00,0.13,25.84,4.33,49.03,1103.83,0.04,0.00,14.49,11.30,81.36,2232.70,0.27,0.00,0.04,10.11,736.05,65.74
2024-04-10 04:30,-1.92,0.00,0.00,316.97,4953.67,29.98,0.00,0.13,25.60,3.41,49.07,942.10,0.04,0.00,14.57,0.00,130.75,2255.00,0.27,0.00,0.04,10.02,758.37,66.31
2024-04-10 05:00,-2.20,0.00,0.00,479.87,5016.67,30.06,0.00,0.12,25.58,1.96,49.01,847.73,0.04,0.00,14.44,0.00,195.63,2283.70,0.27,0.00,0.03,10.01,772.12,67.59
2024-04-10 05:30,-1.85,0.00,0.00,511.30,5162.00,31.54,0.00,0.09,25.91,28.31,49.00,871.72,0.04,0.00,14.48,0.00,215.81,2349.80,0.28,0.00,0.03,10.14,771.50,78.00
2024-04-10 06:00,-3.82,0.00,0.00,445.33,5508.17,35.62,0.00,0.12,25.80,29.59,133.42,845.67,0.04,0.44,14.43,0.00,185.70,2507.60,0.32,0.00,0.04,10.09,770.26,87.76
2024-04-10 06:30,-6.80,0.00,0.00,851.68,5597.50,38.53,0.00,0.13,25.91,23.05,168.02,838.90,4.74,13.22,14.57,0.00,339.12,2548.10,0.35,0.00,0.04,10.14,767.12,110.00
2024-04-10 07:00,-4.62,0.00,-16.29,998.37,5806.50,39.04,0.00,0.11,25.31,13.32,169.12,755.83,138.45,122.45,14.52,6.13,363.38,2643.10,0.35,0.00,0.03,9.91,748.21,112.90
2024-04-10 07:30,-18.94,0.00,-272.40,1085.38,5376.00,36.16,0.00,0.06,24.91,20.92,164.52,726.13,740.57,435.94,13.74,90.88,342.97,2447.00,0.33,0.00,0.02,9.75,651.30,49.56
2024-04-10 08:00,-25.75,0.00,-442.35,1150.67,4790.17,36.26,0.00,0.11,24.68,24.39,49.00,538.37,1510.67,877.96,13.38,133.66,317.88,2180.30,0.33,0.00,0.03,9.66,556.48,-25.22
2024-04-10 08:30,-1.73,0.00,-569.63,1054.35,4307.67,37.36,0.00,0.08,24.84,41.79,49.05,445.27,2023.33,1339.45,13.73,153.50,276.12,1961.00,0.34,0.00,0.02,9.72,478.46,56.99
2024-04-10 09:00,-1.17,0.00,-679.82,869.50,4058.50,36.52,0.00,0.07,25.10,31.39,56.71,406.18,2196.33,1820.00,14.65,173.21,229.73,1847.70,0.33,0.00,0.02,9.84,434.14,58.00
2024-04-10 09:30,-7.26,0.00,-760.72,860.88,3726.50,36.18,0.00,0.10,24.42,2.50,56.69,405.75,2238.33,2344.67,15.25,187.18,233.90,1696.60,0.33,0.00,0.03,9.66,392.77,56.99
2024-04-10 10:00,-49.66,-14.73,-715.63,924.83,3337.67,36.14,0.00,0.09,24.55,8.18,57.15,359.22,2007.50,2901.25,16.46,170.54,244.37,1519.50,0.33,0.00,0.03,9.72,361.27,-9.50
2024-04-10 10:30,-5.70,-238.57,-458.82,898.97,3143.33,36.38,0.00,0.09,24.12,3.44,58.97,365.98,1924.17,3287.33,17.56,103.97,249.23,1431.00,0.33,0.00,0.03,9.55,350.93,17.77
2024-04-10 11:00,-33.00,-419.58,-442.18,945.45,3033.50,36.61,0.00,0.08,24.91,0.41,60.27,337.20,1970.17,3480.92,18.24,94.21,257.32,1381.00,0.33,0.00,0.02,9.75,345.58,15.53
2024-04-10 11:30,-98.37,-426.50,-428.32,949.08,3043.17,36.84,0.00,0.09,24.58,0.06,60.97,327.43,1970.33,3614.58,19.48,91.80,259.17,1385.50,0.33,0.00,0.03,9.62,344.47,15.61
2024-04-10 12:00,-87.12,-425.32,-545.73,911.50,3073.50,36.48,0.00,0.13,24.33,0.18,61.33,324.82,1992.67,3711.25,20.01,116.59,248.30,1399.30,0.33,0.00,0.04,9.61,339.50,-9.50
2024-04-10 12:30,-63.43,-424.97,-533.33,883.15,3074.00,36.77,0.00,0.08,24.02,0.34,61.21,273.27,2004.67,3718.75,19.94,113.38,236.30,1399.50,0.33,0.00,0.02,9.51,338.46,16.45
2024-04-10 13:00,-16.40,-425.30,-550.05,824.67,3097.67,36.38,0.00,0.20,24.53,4.75,59.79,247.97,2011.50,3691.75,20.75,121.47,217.42,1410.30,0.33,0.00,0.06,9.70,336.68,8.50
2024-04-10 13:30,-30.93,-425.75,-582.03,840.30,3166.17,36.43,0.00,0.19,24.50,4.42,53.13,262.02,2043.67,3523.67,21.14,128.91,215.69,1441.50,0.33,0.00,0.06,9.70,345.09,10.98
2024-04-10 14:00,-75.26,-425.02,-429.83,690.45,3183.83,36.34,0.00,0.19,24.61,0.34,53.13,230.23,2291.50,3219.00,20.40,91.88,175.42,1449.40,0.33,0.00,0.06,9.74,350.71,8.61
2024-04-10 14:30,-30.22,-424.47,-219.23,615.92,3165.17,36.39,0.00,0.19,24.59,1.09,53.10,241.93,2385.83,2871.08,20.39,46.13,153.47,1441.00,0.33,0.00,0.06,9.65,357.37,8.91
2024-04-10 15:00,-15.57,-416.97,-103.88,602.17,3212.50,36.81,0.00,0.20,120.36,11.62,52.88,277.18,2361.33,2510.75,20.64,23.35,143.59,1462.60,0.33,0.00,0.06,47.11,376.99,9.45
2024-04-10 15:30,-12.98,-348.82,-55.39,673.02,3488.83,34.18,0.00,0.20,87.06,3.64,56.19,294.77,2338.83,2087.00,20.54,13.37,169.81,1588.30,0.31,0.00,0.06,34.18,411.56,9.28
2024-04-10 16:00,-30.41,-189.50,0.00,813.92,3793.83,36.63,0.00,0.19,24.01,6.14,57.77,340.73,2234.17,1558.63,19.82,0.00,249.40,1727.30,0.33,0.00,0.06,9.43,459.52,25.35
2024-04-10 16:30,-2.65,-126.33,0.00,949.68,4416.33,36.37,0.00,0.20,24.17,11.60,57.77,337.72,1844.33,1021.43,19.44,0.00,314.36,2011.00,0.33,0.00,0.06,9.46,544.93,38.38
2024-04-10 17:00,-9.46,0.00,0.00,951.47,5403.83,32.15,0.00,0.20,24.46,21.48,99.53,370.63,1148.50,542.13,19.28,0.00,342.19,2460.60,0.29,0.00,0.06,9.57,655.27,74.49
2024-04-10 17:30,-1.58,0.00,0.00,825.32,6348.67,32.61,0.00,0.21,24.62,74.06,324.12,457.13,372.75,198.64,18.94,0.00,313.49,2890.40,0.29,0.00,0.06,9.63,742.53,135.00
2024-04-10 18:00,-0.75,0.00,0.00,844.65,6734.83,32.58,0.00,0.12,24.02,127.83,553.82,522.95,27.28,30.79,18.63,0.00,320.38,3066.30,0.29,0.00,0.04,9.40,763.40,157.10
2024-04-10 18:30,-0.23,0.00,0.00,816.37,6839.33,31.42,0.00,0.14,23.93,122.41,605.60,559.75,0.03,1.09,18.39,0.00,308.77,3113.90,0.28,0.00,0.04,9.36,762.76,149.80
2024-04-10 19:00,-0.30,0.00,0.00,615.67,6880.17,31.41,0.00,0.14,23.96,46.68,600.83,679.80,0.03,0.00,18.01,0.00,237.28,3132.40,0.28,0.00,0.04,9.38,761.26,118.90
2024-04-10 19:30,-1.35,0.00,0.00,510.23,6744.83,31.23,0.00,0.14,24.04,2.77,569.97,774.75,0.03,0.00,18.15,0.00,197.75,3070.40,0.28,0.00,0.04,9.41,757.31,101.10
2024-04-10 20:00,-37.97,0.00,0.00,428.12,6677.17,30.69,0.00,0.12,23.52,0.21,550.02,804.48,0.03,0.00,18.18,0.00,167.72,3039.80,0.28,0.00,0.03,9.20,759.06,80.00
2024-04-10 20:30,-0.86,0.00,-29.84,465.88,6536.83,30.14,0.00,0.12,24.05,5.80,441.73,850.95,0.03,0.00,17.98,11.29,181.27,2975.90,0.27,0.00,0.03,9.41,758.12,88.00
2024-04-10 21:00,-6.05,0.00,-190.26,456.95,6668.17,29.70,0.00,0.14,24.35,1.72,370.20,833.37,0.03,0.00,17.41,73.17,177.93,3035.80,0.27,0.00,0.04,9.53,769.49,88.77
2024-04-10 21:30,-36.45,0.00,-193.97,376.32,6599.17,29.43,0.00,0.13,24.01,0.03,369.23,814.18,0.03,0.00,16.46,74.59,146.63,3004.50,0.26,0.00,0.04,9.40,773.29,61.55
2024-04-10 22:00,-13.02,0.00,-260.10,443.65,6309.00,29.75,0.00,0.13,23.72,0.45,346.10,879.77,0.03,0.00,16.07,98.69,173.57,2872.40,0.27,0.00,0.04,9.28,762.13,62.54
2024-04-10 22:30,-1.55,0.00,-91.42,281.37,6386.50,29.66,0.00,0.13,23.76,0.04,236.62,837.80,0.03,0.00,16.15,35.52,109.35,2907.30,0.27,0.00,0.04,9.30,776.52,101.20
2024-04-10 23:00,-0.75,0.00,-84.51,329.42,6394.83,29.66,0.00,0.11,23.60,1.49,118.68,772.45,0.03,0.00,15.97,33.63,127.14,2911.30,0.27,0.00,0.03,9.24,794.82,102.10
2024-04-10 23:30,-0.53,0.00,-62.16,476.50,6211.00,30.57,0.00,0.13,23.97,9.91,110.48,719.67,0.03,0.00,15.38,24.80,184.11,2827.50,0.28,0.00,0.04,9.38,796.99,106.00
2024-04-11 00:00,-1.38,0.00,-24.09,616.48,6118.50,31.31,0.00,0.14,24.06,17.66,56.99,577.07,0.03,0.00,14.88,9.82,242.50,2785.30,0.28,0.00,0.04,9.41,816.45,102.60
2024-04-11 00:30,-0.46,0.00,0.00,543.93,6122.83,31.13,0.00,0.14,24.00,17.05,56.82,463.52,0.03,0.00,14.77,0.00,226.79,2787.40,0.28,0.00,0.04,9.39,833.15,117.00
2024-04-11 01:00,-0.87,0.00,0.00,627.77,5990.33,31.69,0.00,0.12,23.93,15.89,56.93,400.37,0.03,0.00,14.46,0.00,261.49,2726.90,0.29,0.00,0.03,9.37,839.07,109.40
2024-04-11 01:30,-0.74,0.00,0.00,626.72,5855.17,31.67,0.00,0.13,23.71,9.20,56.85,351.23,0.03,0.00,14.29,0.00,263.73,2665.20,0.29,0.00,0.04,9.28,845.14,109.30
2024-04-11 02:00,-0.99,0.00,0.00,548.18,5733.17,31.62,0.00,0.13,23.54,4.81,56.93,323.35,0.03,0.00,14.02,0.00,230.28,2609.50,0.28,0.00,0.04,9.21,847.91,92.76
2024-04-11 02:30,-2.54,0.00,0.00,513.15,5631.50,32.08,0.00,0.14,23.62,2.62,56.75,293.87,0.03,0.00,13.67,0.00,217.53,2563.10,0.29,0.00,0.04,9.24,851.81,91.53
2024-04-11 03:00,-26.24,0.00,0.00,538.73,5531.83,32.08,0.00,0.13,23.92,0.96,56.75,292.18,0.03,0.00,13.57,0.00,235.92,2517.80,0.29,0.00,0.04,9.36,856.82,73.81
2024-04-11 03:30,-2.06,0.00,0.00,529.38,5527.00,31.78,0.00,0.11,24.02,6.95,56.83,304.77,0.03,0.00,13.24,0.00,228.78,2515.60,0.29,0.00,0.03,9.40,850.19,88.88
2024-04-11 04:00,-9.91,0.00,-15.67,379.15,5565.50,31.89,0.00,0.12,23.31,3.98,63.37,354.95,0.03,0.00,12.93,6.57,160.71,2533.10,0.29,0.00,0.04,9.12,843.15,88.00
2024-04-11 04:30,-22.50,0.00,0.00,386.67,5521.17,31.97,0.00,0.14,23.27,2.96,96.84,384.07,0.03,0.00,12.73,0.00,163.18,2513.00,0.29,0.00,0.04,9.10,836.04,101.80
2024-04-11 05:00,-3.12,0.00,0.00,447.35,5497.67,31.88,0.00,0.14,23.27,2.55,96.85,381.18,0.03,0.00,12.59,0.00,193.81,2502.40,0.29,0.00,0.04,9.11,835.36,103.40
2024-04-11 05:30,-0.53,0.00,0.00,463.95,5693.00,32.35,0.00,0.13,23.30,13.07,96.85,398.58,0.03,0.00,12.35,0.00,193.01,2591.30,0.29,0.00,0.04,9.12,831.38,106.40
2024-04-11 06:00,-1.97,0.00,-10.96,302.55,6073.67,32.58,0.00,0.14,29.93,9.13,96.66,486.63,0.03,0.92,12.28,4.53,125.22,2765.00,0.29,0.00,0.04,11.52,825.59,135.00
2024-04-11 06:30,-69.70,0.00,-4.93,444.93,6298.00,36.83,0.00,0.10,159.70,2.28,139.65,561.63,6.17,23.44,12.14,1.94,184.20,2867.00,0.33,0.00,0.03,58.52,818.14,139.00
2024-04-11 07:00,-19.45,0.00,-308.52,638.07,6098.50,36.32,0.00,0.11,175.82,32.85,341.10,601.65,206.41,188.80,12.21,114.40,240.19,2776.00,0.33,0.00,0.03,64.36,742.40,146.50
2024-04-11 07:30,-10.63,0.00,-511.25,743.22,5422.67,36.14,0.00,0.09,155.76,71.02,198.41,630.58,1005.95,581.53,12.52,168.36,245.82,2468.30,0.33,0.00,0.03,57.08,625.50,47.03
2024-04-11 08:00,-11.35,0.00,-524.55,687.67,4648.67,35.84,0.00,0.12,25.82,25.82,90.37,507.18,1890.00,1121.77,13.36,146.45,200.50,2116.00,0.32,0.00,0.03,10.02,513.20,27.25
2024-04-11 08:30,-23.03,0.00,-711.63,633.63,4165.00,36.04,0.00,0.08,23.29,5.26,56.86,371.43,2392.00,1723.50,14.68,181.79,170.44,1896.10,0.32,0.00,0.02,9.11,436.83,3.96
2024-04-11 09:00,-94.73,0.00,-714.53,579.52,3645.83,33.83,0.00,0.10,23.49,0.19,56.82,318.75,2526.83,2329.92,16.78,170.27,142.86,1659.80,0.30,0.00,0.03,9.19,377.19,-23.53
2024-04-11 09:30,-39.47,-37.36,-784.38,564.87,3262.00,34.44,0.00,0.10,23.13,49.99,56.91,240.98,2539.33,2866.17,18.78,172.62,140.18,1485.10,0.31,0.00,0.03,9.05,333.17,-9.50
2024-04-11 10:00,-105.85,-58.69,-786.78,699.48,3151.83,34.16,0.00,0.11,23.08,5.66,53.45,154.97,2386.33,3301.00,20.24,176.59,175.87,1434.80,0.31,0.00,0.03,9.03,325.88,45.00
2024-04-11 10:30,-30.00,-287.28,-707.57,848.58,3066.17,34.25,0.00,0.11,23.56,15.86,36.08,113.13,2249.33,3615.50,21.17,154.79,212.38,1396.00,0.31,0.00,0.03,9.22,325.95,-15.01
2024-04-11 11:00,-53.07,-427.15,-689.38,903.12,2963.83,34.27,0.00,0.07,23.69,0.01,36.13,80.60,2292.33,3805.33,21.52,143.96,225.14,1349.50,0.31,0.00,0.02,9.27,321.14,-45.02
2024-04-11 11:30,-44.85,-426.67,-650.98,931.90,2933.50,32.23,0.00,0.09,23.75,8.98,36.10,51.35,2236.67,3854.00,21.96,137.40,231.57,1335.60,0.29,0.00,0.03,9.29,320.36,0.00
2024-04-11 12:00,-6.41,-426.23,-579.18,735.60,2904.67,31.08,0.00,0.08,24.07,15.32,36.03,27.82,2428.50,3798.00,20.99,119.10,187.29,1322.30,0.28,0.00,0.02,9.41,311.53,17.96
2024-04-11 12:30,-23.80,-425.75,-569.97,772.85,2943.33,32.04,0.00,0.10,23.99,3.29,35.95,21.79,2434.50,3684.58,21.08,117.85,194.75,1339.90,0.29,0.00,0.03,9.38,319.38,44.80
2024-04-11 13:00,-9.41,-426.67,-601.97,754.68,2952.50,31.66,0.00,0.10,23.73,0.04,36.12,20.55,2402.33,3570.92,20.89,125.15,186.15,1344.20,0.28,0.00,0.03,9.29,323.21,-9.50
2024-04-11 13:30,-30.01,-397.10,-552.00,776.75,2968.83,31.98,0.00,0.11,24.11,2.01,36.13,22.58,2363.50,3444.67,21.12,115.93,184.60,1351.60,0.29,0.00,0.03,9.44,329.06,16.88
2024-04-11 14:00,-39.94,-380.90,-473.93,736.67,3059.33,32.40,0.00,0.11,24.48,1.00,36.05,20.57,2385.50,3335.42,21.79,102.75,171.89,1393.10,0.29,0.00,0.03,9.58,337.00,0.02
2024-04-11 14:30,-37.64,-381.27,-464.23,683.38,3281.83,33.71,0.00,0.08,24.59,0.55,36.10,28.50,2439.83,3057.67,22.09,102.77,159.30,1494.50,0.30,0.00,0.02,9.62,358.72,1.00
2024-04-11 15:00,-77.76,-381.48,-189.49,678.27,3524.33,34.47,0.00,0.10,25.30,0.05,36.10,29.67,2344.33,2640.00,21.60,44.59,169.56,1604.90,0.31,0.00,0.03,9.90,401.69,8.98
2024-04-11 15:30,-60.85,-349.37,-101.03,592.57,3992.17,34.41,0.00,0.13,25.92,0.13,36.07,34.22,2263.00,2202.42,21.23,26.99,156.58,1818.10,0.31,0.00,0.04,10.14,451.72,26.39
2024-04-11 16:00,-8.80,-94.68,-420.10,563.32,4581.83,34.02,0.00,0.09,26.30,11.71,36.00,35.61,2224.67,1693.58,20.24,117.51,163.00,2086.90,0.31,0.00,0.03,10.29,493.58,37.26
2024-04-11 16:30,-3.09,0.00,-379.03,792.30,5208.33,31.80,0.00,0.11,26.61,1.19,36.15,55.19,1787.67,1101.17,19.49,121.17,258.36,2372.10,0.29,0.00,0.03,10.41,582.10,54.72
2024-04-11 17:00,-10.59,0.00,-24.41,818.92,6017.83,31.99,0.00,0.11,27.17,30.05,50.82,66.62,1082.30,559.90,19.12,8.67,305.00,2740.60,0.29,0.00,0.03,10.63,704.65,141.20
2024-04-11 17:30,-3.59,0.00,0.00,1002.33,6561.00,33.15,0.00,0.14,69.10,89.13,248.85,85.48,361.02,181.19,18.75,0.00,398.45,2987.50,0.30,0.00,0.04,25.80,790.95,300.00
2024-04-11 18:00,-0.38,0.00,-4.40,668.27,6840.17,32.52,0.00,0.14,280.57,149.67,766.02,104.50,22.74,25.37,18.52,1.75,267.57,3114.40,0.29,0.00,0.04,102.36,783.98,212.00
2024-04-11 18:30,-0.49,0.00,0.00,507.67,6997.00,35.58,0.00,0.14,340.88,155.47,744.95,155.80,0.03,0.83,18.33,0.00,202.42,3185.60,0.32,0.00,0.04,124.21,786.00,145.60
2024-04-11 19:00,-0.66,0.00,-35.33,265.25,7096.50,34.25,0.00,0.15,344.60,73.50,840.93,264.83,0.02,0.00,18.20,13.57,106.73,3230.80,0.31,0.00,0.04,125.56,776.65,239.80
2024-04-11 19:30,-3.72,0.00,-282.88,121.05,7233.50,33.84,0.00,0.14,338.45,8.39,814.18,422.82,0.02,0.00,18.02,109.02,49.71,3292.90,0.30,0.00,0.04,123.33,773.05,130.30
2024-04-11 20:00,-0.76,0.00,-304.78,205.25,7233.50,35.58,0.00,0.13,244.48,0.83,567.77,512.70,0.02,0.00,17.85,119.91,84.15,3293.10,0.32,0.00,0.04,89.30,788.02,131.60
2024-04-11 20:30,-4.93,0.00,-257.44,301.65,7185.00,36.35,0.00,0.14,33.47,4.75,525.12,593.38,0.02,0.00,17.96,100.80,123.58,3271.00,0.33,0.00,0.04,12.89,785.75,100.70
2024-04-11 21:00,-39.53,0.00,-146.00,264.53,7076.83,34.30,0.00,0.15,26.34,11.79,334.57,700.85,0.02,0.00,17.90,57.29,108.59,3221.70,0.31,0.00,0.04,10.31,794.71,109.90
2024-04-11 21:30,-6.51,0.00,-57.65,119.28,7020.17,30.13,0.00,0.14,26.07,10.68,66.78,800.12,0.02,0.00,17.68,23.21,50.48,3196.20,0.27,0.00,0.04,10.20,807.56,112.70
2024-04-11 22:00,-85.20,0.00,-116.17,113.77,6878.17,29.95,0.00,0.14,26.45,0.05,61.83,836.30,0.02,0.00,17.15,46.59,47.63,3131.30,0.27,0.00,0.04,10.35,811.59,84.63
2024-04-11 22:30,-31.83,0.00,-165.50,14.47,6894.83,30.00,0.00,0.14,26.30,1.48,35.97,890.83,0.02,0.00,16.58,66.17,5.91,3138.90,0.27,0.00,0.04,10.29,802.74,88.89
2024-04-11 23:00,-20.27,0.00,-125.42,25.30,6607.83,31.41,0.00,0.14,26.25,0.87,36.00,968.33,0.02,0.00,16.21,49.39,10.17,3008.20,0.28,0.00,0.04,10.27,789.24,88.88
2024-04-11 23:30,-7.92,0.00,-119.67,101.37,6366.67,31.89,0.00,0.14,26.14,2.64,36.10,991.68,0.02,0.00,15.76,46.69,40.59,2898.40,0.29,0.00,0.04,10.23,781.49,88.88
2024-04-12 00:00,-0.64,0.00,-130.39,149.45,6201.83,32.00,0.00,0.13,25.93,9.71,36.12,1020.33,0.02,0.00,15.42,50.42,60.03,2823.10,0.29,0.00,0.04,10.14,774.24,87.10
2024-04-12 00:30,-0.58,0.00,-236.52,225.88,6136.17,31.99,0.00,0.15,25.70,13.38,36.10,975.77,0.02,0.00,15.12,91.86,90.74,2793.40,0.29,0.00,0.04,10.05,777.65,101.90
2024-04-12 01:00,-1.36,0.00,-214.53,252.37,5963.67,32.36,0.00,0.14,26.27,12.07,36.10,950.60,0.02,0.00,14.86,83.29,101.59,2714.80,0.29,0.00,0.04,10.28,777.51,88.67
2024-04-12 01:30,-1.05,0.00,-229.30,257.53,5832.83,32.33,0.00,0.14,26.32,8.66,36.10,884.25,0.02,0.00,14.85,89.59,104.13,2655.00,0.29,0.00,0.04,10.30,782.78,88.88
2024-04-12 02:00,-0.52,0.00,-193.00,296.85,5657.33,32.28,0.00,0.14,25.68,9.59,36.08,793.62,0.02,0.00,14.54,76.13,120.53,2575.20,0.29,0.00,0.04,10.05,790.01,88.88
2024-04-12 02:30,-0.82,0.00,-241.92,217.75,5632.17,32.38,0.00,0.13,25.82,14.63,36.10,741.90,0.02,0.00,14.23,96.11,90.36,2563.60,0.29,0.00,0.04,10.11,795.36,89.28
2024-04-12 03:00,-1.56,0.00,-256.85,219.08,5587.83,32.21,0.00,0.14,25.51,10.52,36.10,678.43,0.02,0.00,14.02,102.96,90.06,2543.40,0.29,0.00,0.04,9.98,802.60,67.73
2024-04-12 03:30,-1.81,0.00,-170.78,221.98,5483.67,32.07,0.00,0.13,25.72,2.36,36.07,636.07,0.02,0.00,13.83,68.86,90.53,2496.00,0.29,0.00,0.04,10.06,806.98,69.60
2024-04-12 04:00,-0.80,0.00,-191.62,282.48,5447.17,31.98,0.00,0.13,25.89,12.47,36.10,637.23,0.02,0.00,13.78,77.10,114.11,2479.30,0.29,0.00,0.04,10.13,804.57,71.20
2024-04-12 04:30,-0.86,0.00,-148.51,225.38,5625.67,32.10,0.00,0.14,25.43,12.34,36.05,604.37,0.02,0.00,13.63,60.29,90.78,2560.80,0.29,0.00,0.04,9.95,811.45,76.72
2024-04-12 05:00,-0.95,0.00,-96.83,171.73,5667.00,32.30,0.00,0.14,22.32,5.99,36.13,592.48,0.02,0.00,13.58,39.43,68.82,2579.70,0.29,0.00,0.04,8.73,814.32,76.72
2024-04-12 05:30,-0.48,0.00,-140.10,370.45,5808.50,36.04,0.00,0.11,23.69,11.03,36.00,546.32,0.02,0.00,13.41,57.50,146.82,2644.20,0.32,0.00,0.03,9.27,819.88,90.76
2024-04-12 06:00,-4.10,0.00,-77.14,262.05,6143.67,37.01,0.00,0.14,24.50,5.36,36.05,491.88,0.02,0.76,13.15,32.12,103.83,2796.60,0.33,0.00,0.04,9.59,831.84,88.79
2024-04-12 06:30,-59.53,0.00,-26.37,415.17,6486.00,37.04,0.00,0.13,25.79,1.64,36.00,486.62,8.99,20.32,13.11,11.00,167.10,2952.40,0.33,0.00,0.04,10.09,839.36,139.70
2024-04-12 07:00,-6.52,0.00,-105.94,579.67,6361.83,36.39,0.00,0.12,25.71,23.88,36.00,486.93,170.02,169.29,13.22,42.46,211.58,2896.10,0.33,0.00,0.04,10.06,790.92,92.12
2024-04-12 07:30,-6.96,0.00,-263.50,769.65,5637.67,36.20,0.00,0.11,25.64,6.73,36.00,454.13,823.23,542.18,13.61,93.35,248.95,2566.40,0.33,0.00,0.03,10.04,677.92,50.03
2024-04-12 08:00,-32.35,0.00,-466.22,962.27,4678.83,36.71,0.00,0.07,24.89,1.05,36.00,356.18,1635.83,1092.52,14.45,140.39,276.55,2130.10,0.33,0.00,0.02,9.74,546.82,-11.26
2024-04-12 08:30,-22.46,0.00,-584.15,918.43,4000.50,35.85,0.00,0.15,24.72,4.40,36.08,253.25,2180.33,1694.75,15.71,154.90,233.98,1821.70,0.32,0.00,0.04,9.67,447.40,0.00
2024-04-12 09:00,-21.69,-40.90,-623.83,874.50,3661.17,35.71,0.00,0.16,25.56,9.35,36.05,171.88,2313.33,2280.58,17.92,155.65,206.54,1667.10,0.32,0.00,0.05,10.00,396.33,0.00
2024-04-12 09:30,-48.44,-43.68,-685.13,798.20,3341.83,36.31,0.00,0.15,25.47,4.42,36.03,115.34,2484.50,2783.17,19.68,158.03,190.61,1521.60,0.33,0.00,0.04,9.96,353.64,25.00
2024-04-12 10:00,-67.67,-43.65,-732.67,779.73,3141.67,36.26,0.00,0.16,25.23,5.21,36.07,72.90,2403.33,3197.92,21.34,167.05,187.67,1430.50,0.33,0.00,0.05,9.87,330.08,-9.50
2024-04-12 10:30,-88.62,-43.61,-722.73,719.10,2978.50,36.40,0.00,0.17,25.33,2.25,36.12,54.40,2426.50,3495.67,22.05,158.69,177.04,1356.10,0.33,0.00,0.05,9.91,310.50,-9.50
2024-04-12 11:00,-57.62,-43.64,-739.07,750.63,2824.00,36.40,0.00,0.18,24.93,2.78,35.93,72.46,2470.83,3702.83,22.46,157.34,183.10,1285.70,0.33,0.00,0.05,9.75,291.08,10.00
2024-04-12 11:30,-23.57,-57.87,-839.60,639.22,2801.33,36.58,0.00,0.18,25.78,19.21,36.10,80.59,2460.17,3810.08,22.83,176.54,157.10,1275.40,0.33,0.00,0.05,10.09,281.80,-39.93
2024-04-12 12:00,-43.22,-251.68,-730.32,717.20,2792.00,36.32,0.00,0.20,26.29,4.87,36.05,98.82,2430.67,3796.25,23.65,149.98,173.75,1271.10,0.33,0.00,0.06,10.28,292.94,-24.14
2024-04-12 12:30,-44.32,-427.22,-656.80,809.63,2808.50,36.05,0.00,0.20,25.90,5.62,35.98,137.50,2454.67,3745.75,24.02,130.80,190.88,1278.70,0.32,0.00,0.06,10.13,302.14,-11.81
2024-04-12 13:00,-11.13,-419.18,-587.97,702.97,2791.50,36.13,0.00,0.20,25.34,21.91,34.42,169.55,2493.00,3693.08,24.47,114.97,168.33,1270.80,0.33,0.00,0.06,9.91,298.21,-9.50
2024-04-12 13:30,-18.93,-383.27,-514.52,772.18,2872.83,35.78,0.00,0.20,24.00,4.51,31.03,197.43,2374.50,3547.17,23.66,103.82,179.66,1307.80,0.32,0.00,0.06,9.39,311.62,18.06
2024-04-12 14:00,-2.17,-383.07,-383.60,657.28,2962.50,36.20,0.00,0.20,24.56,0.03,29.70,209.75,2399.67,3280.17,23.83,79.19,155.93,1348.70,0.33,0.00,0.06,9.61,325.08,9.00
2024-04-12 14:30,-3.81,-382.67,-330.27,488.32,3186.67,37.02,0.00,0.21,25.51,1.86,94.37,212.43,2411.00,3000.25,24.03,72.56,119.39,1451.10,0.33,0.00,0.06,9.98,345.12,-11.49
2024-04-12 15:00,-9.43,-383.03,-478.02,636.30,3539.50,36.39,0.00,0.20,25.85,4.63,40.65,218.72,2458.33,2653.83,23.66,105.29,157.85,1611.60,0.33,0.00,0.06,10.11,383.05,28.21
2024-04-12 15:30,-4.31,-254.27,-341.02,442.62,3980.50,36.39,0.00,0.21,26.19,11.35,27.03,197.02,2398.33,2167.50,23.23,84.75,119.11,1812.50,0.33,0.00,0.06,10.25,427.62,25.00
2024-04-12 16:00,-1.99,-31.68,-585.52,560.42,4628.17,37.86,0.00,0.20,26.40,1.54,27.20,203.47,2179.17,1627.60,22.04,165.14,170.68,2107.50,0.34,0.00,0.06,10.33,489.75,52.12
2024-04-12 16:30,-7.20,0.00,-527.53,597.18,5442.67,39.04,0.00,0.21,26.39,0.17,27.18,217.85,1760.83,1035.50,20.95,166.95,201.13,2478.10,0.35,0.00,0.06,10.32,585.91,73.59
2024-04-12 17:00,-1.08,0.00,-46.12,640.05,6106.00,41.48,0.00,0.21,26.05,11.88,72.03,195.35,1023.95,519.09,20.44,16.70,246.79,2780.10,0.37,0.00,0.06,10.19,703.42,106.60
2024-04-12 17:30,-2.66,0.00,0.00,952.98,6456.67,42.08,0.00,0.27,119.05,19.46,286.13,170.95,332.58,164.95,20.14,0.00,396.53,2939.40,0.38,0.00,0.08,43.87,791.40,275.50
2024-04-12 18:00,-1.42,0.00,0.00,796.15,6634.33,42.08,0.00,51.29,402.42,77.61,416.13,176.07,17.18,21.70,19.98,0.00,333.46,3020.20,0.38,0.00,15.07,146.49,814.41,196.80
2024-04-12 18:30,-2.34,0.00,0.00,651.27,6683.67,42.15,0.00,76.95,498.70,34.13,514.13,177.35,0.05,0.49,19.58,0.00,269.97,3042.50,0.38,0.00,22.61,181.38,810.65,161.00
2024-04-12 19:00,-5.72,0.00,0.00,534.23,6784.67,41.96,0.00,51.62,502.72,9.54,516.72,149.62,0.05,0.00,19.47,0.00,222.30,3088.40,0.38,0.00,15.17,182.84,817.45,139.80
2024-04-12 19:30,-11.76,0.00,-20.42,429.43,6757.17,41.82,0.00,0.56,506.00,2.25,499.95,141.53,0.05,0.00,19.25,8.36,175.29,3075.90,0.38,0.00,0.16,184.01,821.27,101.50
2024-04-12 20:00,-0.86,0.00,0.00,475.63,6668.83,41.74,0.00,0.20,415.12,2.28,394.90,153.07,0.05,0.00,19.21,0.00,200.36,3035.90,0.38,0.00,0.06,151.09,831.26,89.00
2024-04-12 20:30,-31.71,0.00,0.00,600.28,6792.50,42.17,0.00,0.19,180.57,1.16,276.75,190.43,0.05,0.00,19.28,0.00,250.83,3092.00,0.38,0.00,0.06,66.15,846.81,137.70
2024-04-12 21:00,-24.80,0.00,0.00,692.23,6693.00,41.98,0.00,0.19,34.08,0.14,277.85,227.75,0.05,0.00,NaN,0.00,287.87,3046.90,0.38,0.00,0.06,13.09,843.14,120.20
2024-04-12 21:30,-7.72,0.00,0.00,626.40,6611.00,41.65,0.00,0.20,25.87,4.09,254.70,217.98,0.05,0.00,NaN,0.00,263.10,3009.70,0.37,0.00,0.06,10.12,844.68,141.10
2024-04-12 22:00,-87.14,0.00,0.00,0.00,6530.00,41.87,0.00,0.17,26.40,0.00,143.90,223.70,0.05,0.00,NaN,0.00,0.00,495.40,0.06,0.00,0.01,1.72,867.33,105.90